key,source_location,ui_area,text_type,en,de_suggested,context,placeholders,notes,review_status
nav.app,src/psm_tool/ui/page_nav.py,navigation,label,App,App,Sidebar navigation label for landing page,,Existing translation reviewed,reviewed
nav.upload,src/psm_tool/ui/page_nav.py,navigation,label,Upload,Upload,Sidebar navigation label for upload page,,Existing translation reviewed,reviewed
nav.results,src/psm_tool/ui/page_nav.py,navigation,label,Results,Ergebnisse,Sidebar navigation label for results page,,Existing translation reviewed,reviewed
nav.export,src/psm_tool/ui/page_nav.py,navigation,label,Export,Export,Sidebar navigation label for export page,,Existing translation reviewed,reviewed
nav.knowledge,src/psm_tool/ui/page_nav.py,navigation,label,Knowledge,Methodik,Sidebar navigation label for knowledge page,,Existing translation reviewed; DE optimized for MR/Product/Management audience,reviewed
nav.previous,src/psm_tool/ui/page_nav.py,navigation,label,Previous,Zurück,Prefix for compact previous-page link in sidebar,,Existing translation improved,reviewed
nav.next,src/psm_tool/ui/page_nav.py,navigation,label,Next,Weiter,Prefix for compact next-page link in sidebar,,Existing translation reviewed,reviewed
nav.brand.pricey,src/psm_tool/ui/style.py,navigation,title,PRICEY,PRICEY,Brand label injected above the sidebar navigation,,Brand text reused from app title,reviewed
language.switch.en,src/psm_tool/ui/page_nav.py,navigation,button,EN,EN,Compact language switch button for English,,Language code shown as UI label; keep runtime logic en/de separate; DE optimized for MR/Product/Management audience,reviewed
language.switch.de,src/psm_tool/ui/page_nav.py,navigation,button,DE,DE,Compact language switch button for German,,Language code shown as UI label; identical in DE; DE optimized for MR/Product/Management audience,reviewed
language.switch.help.en,src/psm_tool/ui/page_nav.py,navigation,tooltip,English,Englisch,Tooltip/help for EN button,,Runtime help text; DE optimized for MR/Product/Management audience,reviewed
language.switch.help.de,src/psm_tool/ui/page_nav.py,navigation,tooltip,Deutsch,Deutsch,Tooltip/help for DE button,,Runtime help text; already German; DE optimized for MR/Product/Management audience,reviewed
app.eyebrow,src/psm_tool/ui/app.py,app,title,Pricing Research Toolkit,Pricing Research Toolkit,Landing page eyebrow above main title,,Brand-like label; keep English brand phrasing,reviewed
app.title,src/psm_tool/ui/app.py,app,title,PRICEY,PRICEY,Landing page title/brand,,Brand name; do not translate,reviewed
app.caption,src/psm_tool/ui/app.py,app,caption,Pricey - Pricing Research Toolkit - Measure price perception. Simulate demand. Find the optimal price.,Pricey – Pricing Research Toolkit – Preiswahrnehmung messen. Nachfrage simulieren. Den optimalen Preis finden.,Landing page intro caption,,Presentation-facing intro copy; DE optimized for MR/Product/Management audience,reviewed
app.privacy_notice,src/psm_tool/ui/app.py,app,info,This app analyzes uploaded pricing survey data fully in-memory. No raw upload files are written to disk by default.,Diese App analysiert hochgeladene Pricing-Survey-Daten vollständig im Arbeitsspeicher. Rohdaten aus Uploads werden standardmäßig nicht auf die Festplatte geschrieben.,Landing page privacy notice,,User-facing privacy statement; DE optimized for MR/Product/Management audience,reviewed
app.step.upload.title,src/psm_tool/ui/app.py,app,label,1 Upload,1 Upload,Landing page step card title,,Keep page numbering aligned with app,reviewed
app.step.upload.copy,src/psm_tool/ui/app.py,app,label,"Load CSV/XLSX, validate template, or use demo data.","CSV/XLSX laden, Vorlage validieren oder Demodaten verwenden.",Landing page step card copy,,Short workflow description; DE optimized for MR/Product/Management audience,reviewed
app.step.results.title,src/psm_tool/ui/app.py,app,label,2 Results,2 Ergebnisse,Landing page step card title,,Short page title for roadmap card,reviewed
app.step.results.copy,src/psm_tool/ui/app.py,app,label,"Run PSM + optional NMS, review KPIs and quality checks.","PSM und optional NMS ausführen, KPIs und Qualitätschecks prüfen.",Landing page step card copy,,Short workflow description; DE optimized for MR/Product/Management audience,reviewed
app.step.export.title,src/psm_tool/ui/app.py,app,label,3 Export,3 Export,Landing page step card title,,Short page title for roadmap card,reviewed
app.step.export.copy,src/psm_tool/ui/app.py,app,label,Download PowerPoint and Excel exports generated in-memory.,Im Arbeitsspeicher erzeugte PowerPoint- und Excel-Exporte herunterladen.,Landing page step card copy,,Short workflow description; DE optimized for MR/Product/Management audience,reviewed
app.demo_mode_notice,src/psm_tool/ui/app.py,warning,warning,DEMO_MODE is enabled. Strict upload limits are active and raw respondent-level output is hidden.,DEMO_MODE ist aktiv. Es gelten strenge Upload-Limits; respondentenscharfe Rohdaten werden ausgeblendet.,Landing page demo notice,,System/runtime mode warning; DE optimized for MR/Product/Management audience,reviewed
auth.password_label,src/psm_tool/ui/auth.py,authentication,label,Application password,App-Passwort,Password field label before entering app,,Short and formal; DE optimized for MR/Product/Management audience,reviewed
auth.required_caption,src/psm_tool/ui/auth.py,authentication,caption,Authentication required. Enter the application password to continue.,"Authentifizierung erforderlich. Bitte App-Passwort eingeben, um fortzufahren.",Caption shown when auth is required,,Direct access message; DE optimized for MR/Product/Management audience,reviewed
upload.eyebrow,src/psm_tool/ui/pages/1_upload.py,upload,title,Data Intake,Datenimport,Upload page eyebrow,,Professional research workflow wording; DE optimized for MR/Product/Management audience,reviewed
upload.title,src/psm_tool/ui/pages/1_upload.py,upload,title,1. Upload,1. Upload,Upload page title,,Page title,reviewed
upload.accepted_formats,src/psm_tool/ui/pages/1_upload.py,upload,caption,"Accepted formats: CSV, XLSX","Akzeptierte Formate: CSV, XLSX",Upload page caption under title,,Static caption; DE optimized for MR/Product/Management audience,reviewed
upload.privacy_notice,src/psm_tool/ui/pages/1_upload.py,upload,info,Privacy safeguard: all uploaded files are processed in-memory and not persisted by default.,Datenschutzhinweis: Alle hochgeladenen Dateien werden im Arbeitsspeicher verarbeitet und standardmäßig nicht persistent gespeichert.,Upload privacy notice,,User-facing privacy text; DE optimized for MR/Product/Management audience,reviewed
upload.template_section_title,src/psm_tool/ui/pages/1_upload.py,upload,title,Template and Demo Data,Vorlagen und Demodaten,Card title for template/demo downloads,,UI section title; DE optimized for MR/Product/Management audience,reviewed
upload.button.download_csv_template,src/psm_tool/ui/pages/1_upload.py,upload,button,Download CSV template,CSV-Vorlage herunterladen,Template download button,,Button label; DE optimized for MR/Product/Management audience,reviewed
upload.button.download_xlsx_template,src/psm_tool/ui/pages/1_upload.py,upload,button,Download XLSX template,XLSX-Vorlage herunterladen,Template download button,,Button label; DE optimized for MR/Product/Management audience,reviewed
upload.notice.sav_disabled,src/psm_tool/io/read_any.py,upload,warning,SAV uploads are disabled in the app because uploaded files must be processed fully in-memory. Please convert SAV to CSV or XLSX first.,SAV-Uploads sind in der App deaktiviert, weil hochgeladene Dateien vollständig im Arbeitsspeicher verarbeitet werden müssen. Bitte SAV vorher in CSV oder XLSX konvertieren.,Warning surfaced when SAV upload is attempted outside the supported upload types,,Existing translation reviewed,reviewed
upload.button.load_example_dataset,src/psm_tool/ui/pages/1_upload.py,upload,button,Load example dataset,Beispieldatensatz laden,Button for loading bundled sample dataset,,Button label; DE optimized for MR/Product/Management audience,reviewed
upload.input_section_title,src/psm_tool/ui/pages/1_upload.py,upload,title,Upload Input File,Eingabedatei hochladen,Card title for dataset upload,,UI section title; DE optimized for MR/Product/Management audience,reviewed
upload.notice.current_dataset_loaded,src/psm_tool/ui/pages/1_upload.py,upload,info,Current dataset loaded: {source},Aktuell geladener Datensatz: {source},Positive notice when a dataset is already loaded,{source},Normalized placeholder from f-string; DE optimized for MR/Product/Management audience,reviewed
upload.button.remove_current_dataset,src/psm_tool/ui/pages/1_upload.py,upload,button,Remove current dataset,Aktuellen Datensatz entfernen,Button to clear current upload from session,,Button label; DE optimized for MR/Product/Management audience,reviewed
upload.file_uploader.label,src/psm_tool/ui/pages/1_upload.py,upload,label,Choose input dataset,Datensatz auswählen,File uploader label,,Input label; DE optimized for MR/Product/Management audience,reviewed
upload.file_uploader.help,src/psm_tool/ui/pages/1_upload.py,upload,tooltip,Required template columns must match exactly.,Die erforderlichen Vorlagenspalten müssen exakt übereinstimmen.,File uploader help text,,Tooltip/help text; DE optimized for MR/Product/Management audience,reviewed
upload.notice.demo_limit_exceeded,src/psm_tool/ui/pages/1_upload.py,upload,warning,"DEMO_MODE upload limit exceeded: {rows} rows provided, max {limit} allowed.","DEMO_MODE-Uploadlimit überschritten: {rows} Zeilen bereitgestellt, maximal {limit} zulässig.",Warning shown when demo upload row limit is exceeded,{rows}; {limit},Normalized placeholders from f-string; DE optimized for MR/Product/Management audience,reviewed
upload.notice.loaded_file,src/psm_tool/ui/pages/1_upload.py,upload,info,Loaded '{filename}' with {rows} rows.,„{filename}“ mit {rows} Zeilen geladen.,Positive notice after successful upload,{filename}; {rows},Normalized placeholders from f-string; DE optimized for MR/Product/Management audience,reviewed
upload.notice.detected_pi_ladder,src/psm_tool/ui/pages/1_upload.py,upload,info,Detected optional purchase intention ladder table (sheet 'purchase_intention').,Optionale Kaufabsichts-Preisleiter erkannt (Sheet „purchase_intention“).,Positive notice when extra PI ladder sheet is found,,Keep metric names purchase_intention / Purchase Intention consistent; DE optimized for MR/Product/Management audience,reviewed
upload.notice.no_valid_dataset,src/psm_tool/ui/pages/1_upload.py,upload,warning,No valid dataset loaded yet.,Noch kein gültiger Datensatz geladen.,Warning before dataset is available,,Short status message; DE optimized for MR/Product/Management audience,reviewed
upload.notice.dataset_valid,src/psm_tool/ui/pages/1_upload.py,upload,info,Dataset loaded and valid for analysis.,Datensatz geladen und für die Analyse gültig.,Positive notice after validation,,Status message; DE optimized for MR/Product/Management audience,reviewed
upload.preview.expander,src/psm_tool/ui/pages/1_upload.py,upload,tab,Preview first 30 rows,Erste 30 Zeilen anzeigen,Expander label for raw data preview,,Expander label; DE optimized for MR/Product/Management audience,reviewed
upload.preview.demo_hidden,src/psm_tool/ui/pages/1_upload.py,upload,caption,DEMO_MODE hides raw row preview.,DEMO_MODE blendet die Rohdatenvorschau aus.,Caption shown in demo mode instead of preview,,System/runtime note; DE optimized for MR/Product/Management audience,reviewed
upload.metric.rows,src/psm_tool/ui/pages/1_upload.py,upload,label,Rows,Zeilen,Metric label for loaded dataset size,,Metric label; DE optimized for MR/Product/Management audience,reviewed
upload.metric.columns,src/psm_tool/ui/pages/1_upload.py,upload,label,Columns,Spalten,Metric label for number of columns,,Metric label; DE optimized for MR/Product/Management audience,reviewed
upload.metric.countries,src/psm_tool/ui/pages/1_upload.py,upload,label,Countries,Länder,Metric label for distinct segments/countries,,Metric label; DE optimized for MR/Product/Management audience,reviewed
upload.metric.product_categories,src/psm_tool/ui/pages/1_upload.py,upload,label,Product Categories,Produktkategorien,Metric label for distinct products,,Metric label; DE optimized for MR/Product/Management audience,reviewed
upload.metric.currencies,src/psm_tool/ui/pages/1_upload.py,upload,label,Currencies,Währungen,Metric label for distinct currencies,,Metric label; DE optimized for MR/Product/Management audience,reviewed
upload.display.sample_dataset_name,src/psm_tool/ui/pages/1_upload.py,upload,label,demo_psm.csv (synthetic example dataset),demo_psm.csv (synthetischer Beispieldatensatz),Friendly display name for bundled sample dataset,,Synthetic dataset label; DE optimized for MR/Product/Management audience,reviewed
validation.error.missing_required_columns,src/psm_tool/io/validate.py,validation,error,Missing required columns: {columns},Fehlende Pflichtspalten: {columns},Validation error when schema columns are missing,{columns},Dynamic error message; DE optimized for MR/Product/Management audience,reviewed
validation.warning.recommended_product_id_missing,src/psm_tool/io/validate.py,validation,warning,Recommended column 'product_id' missing; defaulting to 'default_product'.,Empfohlene Spalte 'product_id' fehlt; es wird 'default_product' verwendet.,Validation warning when product_id is absent,,Dynamic default name kept technical; DE optimized for MR/Product/Management audience,reviewed
validation.warning.non_numeric_values,src/psm_tool/io/validate.py,validation,warning,Column '{column}' has {count} non-numeric values; coerced to missing.,Spalte '{column}' enthält {count} nichtnumerische Werte; sie wurden als fehlend behandelt.,Validation warning for non-numeric coercion,{column}; {count},Dynamic warning message; DE optimized for MR/Product/Management audience,reviewed
validation.warning.non_positive_weight,src/psm_tool/io/validate.py,validation,warning,Column 'weight' has {count} non-positive values; they are ignored in weighted stats.,Spalte 'weight' enthält {count} nichtpositive Werte; sie werden in gewichteten Kennzahlen ignoriert.,Validation warning for unusable weights,{count},Dynamic warning message; DE optimized for MR/Product/Management audience,reviewed
validation.warning.invalid_puki,src/psm_tool/io/validate.py,validation,warning,Column 'puki' has {count} values outside 1..5; they are ignored.,Spalte 'puki' enthält {count} Werte außerhalb von 1..5; sie werden ignoriert.,Validation warning for invalid PUKI values,{count},Dynamic warning message; DE optimized for MR/Product/Management audience,reviewed
validation.warning.invalid_pi_range,src/psm_tool/io/validate.py,validation,warning,Column '{pi_col}' has {count} values outside 0..100; NMS clamps them.,Spalte '{pi_col}' enthält {count} Werte außerhalb von 0..100; NMS begrenzt sie.,Validation warning for PI range violations,{pi_col}; {count},Dynamic warning message; DE optimized for MR/Product/Management audience,reviewed
validation.warning.negative_price_treated_missing,src/psm_tool/io/validate.py,validation,warning,Column '{column}' has {count} negative values; treated as missing.,Spalte '{column}' enthält {count} negative Werte; sie werden als fehlend behandelt.,Validation warning for negative price thresholds,{column}; {count},Dynamic warning message; DE optimized for MR/Product/Management audience,reviewed
validation.warning.pi_fraction_normalized,src/psm_tool/io/validate.py,validation,warning,PI unit normalized: detected fraction scale (0..1) and converted to percent (0..100).,PI-Einheit normalisiert: 0..1-Skala erkannt und in Prozent (0..100) umgerechnet.,Validation warning for PI unit normalization,,Keep PI terminology; DE optimized for MR/Product/Management audience,reviewed
validation.warning.pi_code11_normalized,src/psm_tool/io/validate.py,validation,warning,PI unit normalized: detected coded scale (1..11) and converted to percent (0..100).,PI-Einheit normalisiert: codierte Skala (1..11) erkannt und in Prozent (0..100) umgerechnet.,Validation warning for coded 1..11 PI normalization,,Keep PI terminology; DE optimized for MR/Product/Management audience,reviewed
validation.warning.pi_tiny_fraction,src/psm_tool/io/validate.py,validation,warning,PI values look like fractions but are extremely small; not auto-scaled. Confirm units.,"PI-Werte wirken wie Werte auf einer 0..1-Skala, sind aber extrem klein; keine automatische Skalierung. Bitte Einheiten prüfen.",Validation warning for tiny fraction PI values,,Keep technical nuance; DE optimized for MR/Product/Management audience,reviewed
validation.error.pi_mixed_units,src/psm_tool/io/validate.py,validation,error,Mixed PI units detected: one PI column looks like fraction scale (0..1) while the other looks like percent scale (0..100). Please provide consistent units.,"Gemischte PI-Einheiten erkannt: Eine PI-Spalte wirkt wie 0..1-Skala, die andere wie Prozentskala (0..100). Bitte konsistente Einheiten bereitstellen.",Validation error for mixed PI units,,Critical validation error; DE optimized for MR/Product/Management audience,reviewed
io.error.sav_dependency_missing,src/psm_tool/io/read_any.py,upload,error,"SAV support requires optional dependency 'pyreadstat'. Install in this repo with: pip install -e .[sav] (or from package index: pip install """"psm-tool[sav]"""").","SAV-Unterstützung erfordert die optionale Abhängigkeit 'pyreadstat'. Installation in diesem Repo mit: pip install -e .[sav] (oder aus dem Paketindex: pip install ""psm-tool[sav]"").",Error when SAV support is requested without dependency,,Technical install guidance; keep commands; DE optimized for MR/Product/Management audience,reviewed
io.error.pi_ladder_missing_columns,src/psm_tool/io/read_any.py,validation,error,"Purchase intention ladder missing required columns: price, purchase_intention_pct","Der Kaufabsichts-Preisleiter fehlen erforderliche Spalten: price, purchase_intention_pct",Error when optional PI ladder lacks required columns,,Keep technical column names; DE optimized for MR/Product/Management audience,reviewed
io.error.pi_ladder_invalid_range,src/psm_tool/io/read_any.py,validation,error,Purchase intention ladder values must be in range 0..100 (percent) or 0..1 (fraction scale).,Werte im Kaufabsichts-Preisleiter müssen im Bereich 0..100 (Prozent) oder 0..1 (Skala) liegen.,Error when PI ladder values are out of accepted range,,Technical validation message; DE optimized for MR/Product/Management audience,reviewed
io.error.pi_ladder_post_normalization,src/psm_tool/io/read_any.py,validation,error,Purchase intention ladder values exceed 100 after normalization. Please verify PI units.,Werte im Kaufabsichts-Preisleiter überschreiten nach der Normalisierung 100. Bitte PI-Einheiten prüfen.,Error when normalized ladder exceeds 100,,Technical validation message; DE optimized for MR/Product/Management audience,reviewed
io.note.pi_ladder_negative_price,src/psm_tool/io/read_any.py,validation,warning,Negative ladder prices treated as missing: {count} rows.,Negative Preise in der Preisleiter wurden als fehlend behandelt: {count} Zeilen.,Attribute note attached to PI ladder import,{count},May surface in downstream UI notes; DE optimized for MR/Product/Management audience,reviewed
io.error.pi_ladder_only_csv_xlsx,src/psm_tool/io/read_any.py,validation,error,PI ladder only supports CSV and XLSX files.,Der PI-Preisleiter unterstützt nur CSV- und XLSX-Dateien.,Error when PI ladder file type is unsupported,,Technical validation message; DE optimized for MR/Product/Management audience,reviewed
io.error.unsupported_file_type,src/psm_tool/io/read_any.py,upload,error,Unsupported file type: {suffix},Nicht unterstützter Dateityp: {suffix},Error when uploaded file type is unsupported,{suffix},Dynamic error message; DE optimized for MR/Product/Management audience,reviewed
upload.error.failed_to_read,src/psm_tool/ui/pages/1_upload.py,upload,error,Failed to read '{filename}': {error},„{filename}“ konnte nicht gelesen werden: {error},Upload read failure surfaced in UI,{filename}; {error},Normalized placeholders from f-string; DE optimized for MR/Product/Management audience,reviewed
results.eyebrow,src/psm_tool/ui/pages/2_results.py,results,title,Analysis Workspace,Analysebereich,Results page eyebrow,,Existing UI page eyebrow; DE optimized for MR/Product/Management audience,reviewed
results.title,src/psm_tool/ui/pages/2_results.py,results,title,2. Results,2. Ergebnisse,Results page title,,Page title; DE optimized for MR/Product/Management audience,reviewed
results.notice.no_dataset,src/psm_tool/ui/pages/2_results.py,results,warning,No dataset loaded. Run page '1 Upload' first (or again) to load data. Upload unlocks Results and Export.,"Kein Datensatz geladen. Bitte zunächst Seite '1 Upload' öffnen, um Daten zu laden. Upload schaltet Ergebnisse und Export frei.",Warning when user enters Results without data,,Multi-sentence status message; DE optimized for MR/Product/Management audience,reviewed
results.button.go_to_upload,src/psm_tool/ui/pages/2_results.py,results,button,Go to Upload,Zum Upload,Navigation button to upload page from results/export empty states,,Button label; DE optimized for MR/Product/Management audience,reviewed
results.notice.no_product_values,src/psm_tool/ui/pages/2_results.py,results,warning,No product values available in dataset.,Im Datensatz sind keine Produktwerte verfügbar.,Warning when product dimension is missing,,Status message; DE optimized for MR/Product/Management audience,reviewed
results.notice.no_country_values,src/psm_tool/ui/pages/2_results.py,results,warning,No country values available for selected product.,Für das ausgewählte Produkt sind keine Länderwerte verfügbar.,Warning when segment values are missing for selected product,,Status message; DE optimized for MR/Product/Management audience,reviewed
results.notice.no_data_for_selection,src/psm_tool/ui/pages/2_results.py,results,warning,No data for selected product/country.,Keine Daten für die ausgewählte Produkt-/Länderkombination verfügbar.,Warning when selection yields empty group,,Status message; DE optimized for MR/Product/Management audience,reviewed
results.section.analysis_controls,src/psm_tool/ui/pages/2_results.py,results,title,Analysis Controls,Analyse-Einstellungen,Results controls section header,,Section title; DE optimized for MR/Product/Management audience,reviewed
results.toggle.snap_increment,src/psm_tool/ui/pages/2_results.py,results,toggle,Snap to currency increment,Auf Währungsinkrement runden,Toggle for automatic currency snap on grid,,Control label; DE optimized for MR/Product/Management audience,reviewed
results.toggle.plausibility,src/psm_tool/ui/pages/2_results.py,results,toggle,Apply plausibility filter (strict ordering),Plausibilitätsfilter anwenden (strikte Reihenfolge),Toggle for strict PSM ordering filter,,Control label; DE optimized for MR/Product/Management audience,reviewed
results.toggle.plausibility.help,src/psm_tool/ui/pages/2_results.py,results,tooltip,Rule: too_cheap < bargain < expensive_acceptable < too_expensive,Regel: too_cheap < bargain < expensive_acceptable < too_expensive,Help text for plausibility filter toggle,,Keep technical column names; DE optimized for MR/Product/Management audience,reviewed
results.toggle.outlier_enabled,src/psm_tool/ui/pages/2_results.py,results,toggle,Outlier filter enabled,Ausreißerfilter aktivieren,Toggle for outlier filtering,,Control label; DE optimized for MR/Product/Management audience,reviewed
results.selectbox.outlier_level,src/psm_tool/ui/pages/2_results.py,results,label,Outlier level,Ausreißerstufe,Selectbox label for outlier filter strength,,Control label; DE optimized for MR/Product/Management audience,reviewed
results.outlier.level.mild,src/psm_tool/ui/pages/2_results.py,results,label,Mild,Mild,Outlier level option,,Keep short scale wording; DE optimized for MR/Product/Management audience,reviewed
results.outlier.level.medium,src/psm_tool/ui/pages/2_results.py,results,label,Medium,Mittel,Outlier level option,,Option label; DE optimized for MR/Product/Management audience,reviewed
results.outlier.level.strict,src/psm_tool/ui/pages/2_results.py,results,label,Strict,Streng,Outlier level option,,Option label; DE optimized for MR/Product/Management audience,reviewed
results.toggle.include_neutral_puki,src/psm_tool/ui/pages/2_results.py,results,toggle,Include neutral PUKI (<=3) in analysis,Neutralen PUKI (≤3) in die Analyse einbeziehen,Toggle for relaxed PUKI threshold,,Control label; DE optimized for MR/Product/Management audience,reviewed
results.caption.puki_missing,src/psm_tool/ui/pages/2_results.py,results,caption,PUKI column missing: analysis population filter is not applied.,PUKI-Spalte fehlt: Der Analysepopulationsfilter wird nicht angewendet.,Caption shown when no PUKI column exists,,Status/caveat text; DE optimized for MR/Product/Management audience,reviewed
results.toggle.economics,src/psm_tool/ui/pages/2_results.py,results,toggle,Economics,Economics,Toggle for economics/profit view,,Terminology likely kept in English; DE optimized for MR/Product/Management audience,reviewed
results.input.unit_cost,src/psm_tool/ui/pages/2_results.py,results,label,Unit cost,Stückkosten,Number input label for unit cost,,Control label; DE optimized for MR/Product/Management audience,reviewed
results.input.unit_cost.help,src/psm_tool/ui/pages/2_results.py,results,tooltip,Same currency as selected country ({currency}). Used only for calculations and exports in this session.,Gleiche Währung wie das ausgewählte Land ({currency}). Wird nur in dieser Session für Berechnungen und Exporte verwendet.,Help text for unit-cost input,{currency},Dynamic help text; DE optimized for MR/Product/Management audience,reviewed
results.input.tested_price,src/psm_tool/ui/pages/2_results.py,results,label,Tested Price,Getesteter Preis,Text input label for tested price benchmark,,Control label; DE optimized for MR/Product/Management audience,reviewed
results.input.tested_price.placeholder,src/psm_tool/ui/pages/2_results.py,results,label,Enter price,Preis eingeben,Placeholder in tested price text input,,Input placeholder; DE optimized for MR/Product/Management audience,reviewed
results.input.tested_price.help,src/psm_tool/ui/pages/2_results.py,results,tooltip,Positive numeric price to show as a benchmark line on charts.,"Positiver numerischer Preis, der in den Charts als Benchmark-Linie angezeigt wird.",Help text for tested price input,,Tooltip/help text; DE optimized for MR/Product/Management audience,reviewed
results.toggle.show_tested_price,src/psm_tool/ui/pages/2_results.py,results,toggle,Show Tested Price,Getesteten Preis anzeigen,Toggle to enable tested-price overlay,,Control label; DE optimized for MR/Product/Management audience,reviewed
results.selectbox.grid_mode,src/psm_tool/ui/pages/2_results.py,results,label,Grid mode,Grid-Modus,Selectbox label for grid mode,,Control label; DE optimized for MR/Product/Management audience,reviewed
results.grid_mode.auto,src/psm_tool/ui/pages/2_results.py,results,label,auto,Auto,Grid mode option,,Keep technical option short; DE optimized for MR/Product/Management audience,reviewed
results.grid_mode.manual,src/psm_tool/ui/pages/2_results.py,results,label,manual,Manuell,Grid mode option,,Option label; DE optimized for MR/Product/Management audience,reviewed
results.input.manual_min,src/psm_tool/ui/pages/2_results.py,results,label,Manual min,Manuelles Minimum,Manual grid min input label,,Control label; DE optimized for MR/Product/Management audience,reviewed
results.input.manual_max,src/psm_tool/ui/pages/2_results.py,results,label,Manual max,Manuelles Maximum,Manual grid max input label,,Control label; DE optimized for MR/Product/Management audience,reviewed
results.input.manual_step,src/psm_tool/ui/pages/2_results.py,results,label,Manual step,Manuelle Schrittweite,Manual grid step input label,,Control label; DE optimized for MR/Product/Management audience,reviewed
results.tabs.psm,src/psm_tool/ui/pages/2_results.py,results,tab,PSM,PSM,Results tab label,,Abbreviation kept; DE optimized for MR/Product/Management audience,reviewed
results.tabs.turnover,src/psm_tool/ui/pages/2_results.py,results,tab,Purchase Intention + Turnover Index,Kaufabsicht + Turnover Index,Results tab label,,Keep Turnover Index in English per terminology; DE optimized for MR/Product/Management audience,reviewed
results.tabs.profit,src/psm_tool/ui/pages/2_results.py,results,tab,Profit Index (0-100),Profit Index (0-100),Results tab label,,Metric name kept in English; DE optimized for MR/Product/Management audience,reviewed
results.tabs.nms,src/psm_tool/ui/pages/2_results.py,results,tab,NMS Trial + Revenue,NMS Trial + Revenue,Results tab label,,Trial and Revenue kept in English; DE optimized for MR/Product/Management audience,reviewed
results.tabs.kpi_summary,src/psm_tool/ui/pages/2_results.py,results,tab,KPI Summary,KPI-Übersicht,Results tab label,,May stay English for deck consistency; DE optimized for MR/Product/Management audience,reviewed
results.tabs.quality_control,src/psm_tool/ui/pages/2_results.py,results,tab,Quality Control,Qualitätskontrolle,Results tab label,,Tab label; DE optimized for MR/Product/Management audience,reviewed
results.marker_override.expander,src/psm_tool/ui/pages/2_results.py,results,label,Marker label placement,Platzierung der Markerlabels,Expander label for manual benchmark label overrides,,UI helper label; DE optimized for MR/Product/Management audience,reviewed
results.marker_override.caption,src/psm_tool/ui/pages/2_results.py,results,caption,Use only when automatic marker label placement still overlaps.,"Nur verwenden, wenn sich automatisch platzierte Markerlabels weiterhin überlappen.",Caption inside marker override expander,,Helper text; DE optimized for MR/Product/Management audience,reviewed
results.marker_override.option.auto,src/psm_tool/ui/pages/2_results.py,results,label,Auto,Auto,Selectbox option for marker label placement,,Keep short UI wording; DE optimized for MR/Product/Management audience,reviewed
results.marker_override.option.left,src/psm_tool/ui/pages/2_results.py,results,label,Left,Links,Selectbox option for marker label placement,,Option label; DE optimized for MR/Product/Management audience,reviewed
results.marker_override.option.right,src/psm_tool/ui/pages/2_results.py,results,label,Right,Rechts,Selectbox option for marker label placement,,Option label; DE optimized for MR/Product/Management audience,reviewed
results.selection.title,src/psm_tool/ui/pages/2_results.py,results,title,Selection,Auswahl,Selection box title under charts,,Section title; DE optimized for MR/Product/Management audience,reviewed
results.selection.grid_details_popover,src/psm_tool/ui/pages/2_results.py,results,tooltip,Grid details,Grid-Details,Popover title for grid info,,Popover label; DE optimized for MR/Product/Management audience,reviewed
results.selection.grid_method_increment,src/psm_tool/ui/pages/2_results.py,results,caption,Method: {grid_method} | Increment: {increment_label},Methode: {grid_method} | Inkrement: {increment_label},Grid detail caption,{grid_method}; {increment_label},Dynamic caption; DE optimized for MR/Product/Management audience,reviewed
results.selection.grid_range,src/psm_tool/ui/pages/2_results.py,results,caption,Range: {min_price:.2f} to {max_price:.2f},Bereich: {min_price:.2f} bis {max_price:.2f},Grid detail caption,{min_price:.2f}; {max_price:.2f},Dynamic caption; DE optimized for MR/Product/Management audience,reviewed
results.selection.grid_step,src/psm_tool/ui/pages/2_results.py,results,caption,Step: {step:.2f},Schrittweite: {step:.2f},Grid detail caption,{step:.2f},Dynamic caption; DE optimized for MR/Product/Management audience,reviewed
results.selection.grid_p05_p95,src/psm_tool/ui/pages/2_results.py,results,caption,P05/P95: {p05_label} / {p95_label},P05/P95: {p05_label} / {p95_label},Grid detail caption,{p05_label}; {p95_label},Dynamic caption; DE optimized for MR/Product/Management audience,reviewed
results.selection.product,src/psm_tool/ui/pages/2_results.py,results,label,Product,Produkt,Selection selectbox label,,Control label; DE optimized for MR/Product/Management audience,reviewed
results.selection.country,src/psm_tool/ui/pages/2_results.py,results,label,Country,Land,Selection selectbox label,,Control label; DE optimized for MR/Product/Management audience,reviewed
results.notice.no_psm_valid,src/psm_tool/ui/pages/2_results.py,results,warning,No PSM-valid respondents after applying ordering checks.,Keine PSM-validen Befragten nach Anwendung der Ordnungsprüfung.,Warning when plausibility filter removes all data,,Status message; DE optimized for MR/Product/Management audience,reviewed
results.notice.plausibility_disabled,src/psm_tool/ui/pages/2_results.py,results,warning,Plausibility filter is disabled: {count} respondents with non-ordered thresholds are included.,Plausibilitätsfilter ist deaktiviert: {count} Befragte mit nicht geordneten Schwellenwerten bleiben in der Analyse.,Warning when invalid order respondents remain in analysis,{count},Dynamic warning message; DE optimized for MR/Product/Management audience,reviewed
results.notice.no_analysis_base,src/psm_tool/ui/pages/2_results.py,results,warning,No respondents remain in the current analysis base after PUKI/outlier filtering.,Nach PUKI-/Ausreißerfilterung verbleiben keine Befragten in der aktuellen Analysebasis.,Warning when analysis base becomes empty,,Status message; DE optimized for MR/Product/Management audience,reviewed
results.summary.title,src/psm_tool/ui/pages/2_results.py,results,title,Summary,Zusammenfassung,Generic summary block title in PSM and NMS tabs,,May stay English to match current UI; DE optimized for MR/Product/Management audience,reviewed
results.summary.none,src/psm_tool/ui/pages/2_results.py,results,warning,- No summary available.,- Keine Zusammenfassung verfügbar.,Fallback bullet when no summary is available,,Short fallback text; DE optimized for MR/Product/Management audience,reviewed
results.pi_unit_note,src/psm_tool/ui/pages/2_results.py,results,caption,PI unit note: {note},Hinweis zur PI-Einheit: {note},Caption shown above NMS/turnover/profit views,{note},Dynamic caption; DE optimized for MR/Product/Management audience,reviewed
results.turnover.summary_title,src/psm_tool/ui/pages/2_results.py,results,title,Purchase Intention and Turnover Summary,Zusammenfassung zu Kaufabsicht und Turnover,Summary section title in turnover tab,,Presentation-style title; DE optimized for MR/Product/Management audience,reviewed
results.profit.summary_title,src/psm_tool/ui/pages/2_results.py,results,title,Profit Summary,Profit-Zusammenfassung,Summary section title in profit tab,,Profit metric name kept in English; DE optimized for MR/Product/Management audience,reviewed
results.nms.weight_fallback,src/psm_tool/ui/pages/2_results.py,results,caption,NMS weight fallback active: invalid/empty weights were replaced by unweighted averaging.,NMS-Gewichtungs-Fallback aktiv: ungültige/leere Gewichte wurden durch ungewichtete Mittelung ersetzt.,Caption when NMS weighting fallback is active,,Caveat text; DE optimized for MR/Product/Management audience,reviewed
results.quality.weight_fallback,src/psm_tool/ui/pages/2_results.py,results,caption,Weight fallback active: weight column exists but is unusable (all missing/zero/invalid). Unweighted calculation was applied.,"Gewichtungs-Fallback aktiv: Die Spalte 'weight' ist vorhanden, aber nicht nutzbar (alle Werte fehlen, sind null oder ungültig). Es wurde ungewichtet gerechnet.",Caption in QC tab when weight fallback was used,,Caveat text; DE optimized for MR/Product/Management audience,reviewed
results.quality.outlier_bounds,src/psm_tool/ui/pages/2_results.py,results,label,Outlier bounds,Ausreißergrenzen,Expander label in QC tab,,Expander label; DE optimized for MR/Product/Management audience,reviewed
results.qc.column.total_n,src/psm_tool/core/qc.py,results,label,total_n,Gesamt n,QC dataframe column header,,Dataframe header; may stay technical or get display mapping later; DE optimized for MR/Product/Management audience,reviewed
results.qc.column.valid_psm_n,src/psm_tool/core/qc.py,results,label,valid_psm_n,PSM-valides n,QC dataframe column header,,Dataframe header; may stay technical or get display mapping later; DE optimized for MR/Product/Management audience,reviewed
results.qc.column.excluded_ordering_n,src/psm_tool/core/qc.py,results,label,excluded_ordering_n,Ausgeschlossen: Reihenfolge,QC dataframe column header,,Dataframe header; may stay technical or get display mapping later; DE optimized for MR/Product/Management audience,reviewed
results.qc.column.missing_any_threshold_n,src/psm_tool/core/qc.py,results,label,missing_any_threshold_n,Fehlende Schwelle (mind. eine),QC dataframe column header,,Dataframe header; may stay technical or get display mapping later; DE optimized for MR/Product/Management audience,reviewed
results.qc.column.missing_too_cheap_n,src/psm_tool/core/qc.py,results,label,missing_too_cheap_n,Fehlend: too_cheap,QC dataframe column header,,Dataframe header; may stay technical or get display mapping later; DE optimized for MR/Product/Management audience,reviewed
results.qc.column.missing_bargain_n,src/psm_tool/core/qc.py,results,label,missing_bargain_n,Fehlend: bargain,QC dataframe column header,,Dataframe header; may stay technical or get display mapping later; DE optimized for MR/Product/Management audience,reviewed
results.qc.column.missing_expensive_acceptable_n,src/psm_tool/core/qc.py,results,label,missing_expensive_acceptable_n,Fehlend: expensive_acceptable,QC dataframe column header,,Dataframe header; may stay technical or get display mapping later; DE optimized for MR/Product/Management audience,reviewed
results.qc.column.missing_too_expensive_n,src/psm_tool/core/qc.py,results,label,missing_too_expensive_n,Fehlend: too_expensive,QC dataframe column header,,Dataframe header; may stay technical or get display mapping later; DE optimized for MR/Product/Management audience,reviewed
results.qc.column.puki_filter_applied,src/psm_tool/core/qc.py,results,label,puki_filter_applied,PUKI-Filter angewendet,QC dataframe column header,,Dataframe header; may stay technical or get display mapping later; DE optimized for MR/Product/Management audience,reviewed
results.qc.column.puki_threshold,src/psm_tool/core/qc.py,results,label,puki_threshold,PUKI-Schwelle,QC dataframe column header,,Dataframe header; may stay technical or get display mapping later; DE optimized for MR/Product/Management audience,reviewed
results.qc.column.puki_pass_n,src/psm_tool/core/qc.py,results,label,puki_pass_n,PUKI Pass n,QC dataframe column header,,Dataframe header; may stay technical or get display mapping later; DE optimized for MR/Product/Management audience,reviewed
results.qc.column.puki_excluded_n,src/psm_tool/core/qc.py,results,label,puki_excluded_n,PUKI ausgeschlossen n,QC dataframe column header,,Dataframe header; may stay technical or get display mapping later; DE optimized for MR/Product/Management audience,reviewed
results.qc.column.plausibility_filter_applied,src/psm_tool/ui/pages/2_results.py,results,label,plausibility_filter_applied,Plausibilitätsfilter angewendet,QC dataframe column header added in Results page,,Dataframe header; may stay technical or get display mapping later; DE optimized for MR/Product/Management audience,reviewed
results.qc.column.invalid_ordering_n,src/psm_tool/ui/pages/2_results.py,results,label,invalid_ordering_n,Ungültige Reihenfolge n,QC dataframe column header added in Results page,,Dataframe header; may stay technical or get display mapping later; DE optimized for MR/Product/Management audience,reviewed
results.qc.column.excluded_psm_n,src/psm_tool/ui/pages/2_results.py,results,label,excluded_psm_n,PSM ausgeschlossen n,QC dataframe column header added in Results page,,Dataframe header; may stay technical or get display mapping later; DE optimized for MR/Product/Management audience,reviewed
results.qc.column.included_invalid_ordering_n,src/psm_tool/ui/pages/2_results.py,results,label,included_invalid_ordering_n,Eingeschlossene ungültige Reihenfolge n,QC dataframe column header added in Results page,,Dataframe header; may stay technical or get display mapping later; DE optimized for MR/Product/Management audience,reviewed
results.qc.column.outlier_filter_applied,src/psm_tool/ui/pages/2_results.py,results,label,outlier_filter_applied,Ausreißerfilter angewendet,QC dataframe column header added in Results page,,Dataframe header; may stay technical or get display mapping later; DE optimized for MR/Product/Management audience,reviewed
results.qc.column.outlier_level,src/psm_tool/ui/pages/2_results.py,results,label,outlier_level,Ausreißerstufe,QC dataframe column header added in Results page,,Dataframe header; may stay technical or get display mapping later; DE optimized for MR/Product/Management audience,reviewed
results.qc.column.outlier_q_low,src/psm_tool/ui/pages/2_results.py,results,label,outlier_q_low,Ausreißer q niedrig,QC dataframe column header added in Results page,,Dataframe header; may stay technical or get display mapping later; DE optimized for MR/Product/Management audience,reviewed
results.qc.column.outlier_q_high,src/psm_tool/ui/pages/2_results.py,results,label,outlier_q_high,Ausreißer q hoch,QC dataframe column header added in Results page,,Dataframe header; may stay technical or get display mapping later; DE optimized for MR/Product/Management audience,reviewed
results.qc.column.outlier_excluded_n,src/psm_tool/ui/pages/2_results.py,results,label,outlier_excluded_n,Ausreißer ausgeschlossen n,QC dataframe column header added in Results page,,Dataframe header; may stay technical or get display mapping later; DE optimized for MR/Product/Management audience,reviewed
results.qc.column.puki_filter_applied_to_analysis,src/psm_tool/ui/pages/2_results.py,results,label,puki_filter_applied_to_analysis,PUKI-Filter in Analyse angewendet,QC dataframe column header added in Results page,,Dataframe header; may stay technical or get display mapping later; DE optimized for MR/Product/Management audience,reviewed
results.qc.column.puki_excluded_from_analysis_n,src/psm_tool/ui/pages/2_results.py,results,label,puki_excluded_from_analysis_n,Durch PUKI ausgeschlossenes Analyse-n,QC dataframe column header added in Results page,,Dataframe header; may stay technical or get display mapping later; DE optimized for MR/Product/Management audience,reviewed
results.qc.column.analysis_n_after_outlier,src/psm_tool/ui/pages/2_results.py,results,label,analysis_n_after_outlier,Analyse-n nach Ausreißerfilter,QC dataframe column header added in Results page,,Dataframe header; may stay technical or get display mapping later; DE optimized for MR/Product/Management audience,reviewed
results.qc.column.psm_weighting_applied,src/psm_tool/ui/pages/2_results.py,results,label,psm_weighting_applied,PSM-Gewichtung angewendet,QC dataframe column header added in Results page,,Dataframe header; may stay technical or get display mapping later; DE optimized for MR/Product/Management audience,reviewed
results.kpi.pmi.title,src/psm_tool/ui/pages/2_results.py,kpi_summary,title,PMI,PMI,KPI card title in results,,Abbreviation kept,reviewed
results.kpi.opp.title,src/psm_tool/ui/pages/2_results.py,kpi_summary,title,OPP,OPP,KPI card title in results,,Abbreviation kept,reviewed
results.kpi.idp.title,src/psm_tool/ui/pages/2_results.py,kpi_summary,title,IDP,IDP,KPI card title in results,,Abbreviation kept,reviewed
results.kpi.pme.title,src/psm_tool/ui/pages/2_results.py,kpi_summary,title,PME,PME,KPI card title in results,,Abbreviation kept,reviewed
results.kpi.accepted_range.title,src/psm_tool/ui/pages/2_results.py,kpi_summary,title,Accepted Range,Akzeptierter Preisbereich,KPI card title in results,,Terminology normalized; DE optimized for MR/Product/Management audience,reviewed
results.kpi.price_stress.title,src/psm_tool/ui/pages/2_results.py,kpi_summary,title,Price Stress,Preisstress,KPI card title in results,,Keep metric label in English for now; check terminology; DE optimized for MR/Product/Management audience,reviewed
results.kpi.psi.title,src/psm_tool/ui/pages/2_results.py,kpi_summary,title,Price Sensitivity Index,Preissensitivitätsindex,KPI card title in results,,Check whether to keep English label in final migration; DE optimized for MR/Product/Management audience,reviewed
results.kpi.range_symmetry.title,src/psm_tool/ui/pages/2_results.py,kpi_summary,title,Range Symmetry,Symmetrie des Preisbereichs,KPI card title in results,,Check terminology; DE optimized for MR/Product/Management audience,reviewed
results.kpi.revenue_efficiency.title,src/psm_tool/ui/pages/2_results.py,kpi_summary,title,Revenue Efficiency,Revenue-Effizienz,KPI card title in results,,Metric label currently English; DE optimized for MR/Product/Management audience,reviewed
results.kpi.profit_feasibility_zone.title,src/psm_tool/ui/pages/2_results.py,kpi_summary,title,Profit Feasibility Zone,Profit-Feasibility-Zone,KPI card title in results,,Metric label currently English; DE optimized for MR/Product/Management audience,reviewed
results.kpi.accepted_range.subtitle,src/psm_tool/ui/pages/2_results.py,kpi_summary,label,Range consumers find acceptable,"Preisbereich, den Konsumenten als akzeptabel wahrnehmen",KPI explanation subtitle,,Short card subtitle; DE optimized for MR/Product/Management audience,reviewed
results.kpi.price_stress.subtitle,src/psm_tool/ui/pages/2_results.py,kpi_summary,label,Difference between OPP and IDP,Differenz zwischen OPP und IDP,KPI explanation subtitle,,Short card subtitle; DE optimized for MR/Product/Management audience,reviewed
results.kpi.psi.subtitle,src/psm_tool/ui/pages/2_results.py,kpi_summary,label,Relative accepted-range width: (PME - PMI) / IDP,Relative Breite des akzeptierten Bereichs: (PME - PMI) / IDP,KPI explanation subtitle,,Technical formula subtitle; DE optimized for MR/Product/Management audience,reviewed
results.kpi.range_symmetry.subtitle,src/psm_tool/ui/pages/2_results.py,kpi_summary,label,Right/left accepted-range span around IDP,Rechte/linke Spannweite des akzeptierten Bereichs um IDP,KPI explanation subtitle,,Short card subtitle; DE optimized for MR/Product/Management audience,reviewed
results.kpi.revenue_efficiency.subtitle,src/psm_tool/ui/pages/2_results.py,kpi_summary,label,Gap between max turnover price and OPP,Abstand zwischen Preis mit maximalem Turnover und OPP,KPI explanation subtitle,,Short card subtitle; DE optimized for MR/Product/Management audience,reviewed
results.kpi.profit_feasibility_zone.subtitle,src/psm_tool/ui/pages/2_results.py,kpi_summary,label,Accepted-range share above cost,Anteil des akzeptierten Bereichs oberhalb der Kosten,KPI explanation subtitle,,Short card subtitle; DE optimized for MR/Product/Management audience,reviewed
results.kpi.maximum_turnover_price.title,src/psm_tool/ui/pages/2_results.py,kpi_summary,title,Maximum Turnover Price,Preis mit maximalem Turnover,KPI card title in turnover tab,,Terminology rule applied; DE optimized for MR/Product/Management audience,reviewed
results.kpi.maximum_turnover_price.subtitle,src/psm_tool/ui/pages/2_results.py,kpi_summary,label,Price where turnover index reaches its maximum,"Preis, bei dem der Turnover Index sein Maximum erreicht",KPI explanation subtitle,,Short card subtitle; DE optimized for MR/Product/Management audience,reviewed
results.kpi.maximum_turnover_index.title,src/psm_tool/ui/pages/2_results.py,kpi_summary,title,Maximum Turnover Index,Maximaler Turnover Index,KPI card title in turnover tab,,Keep index term; DE optimized for MR/Product/Management audience,reviewed
results.kpi.maximum_turnover_index.subtitle,src/psm_tool/ui/pages/2_results.py,kpi_summary,label,Normalized turnover score at max-turnover price,Normierter Turnover-Wert am Preis mit maximalem Turnover,KPI explanation subtitle,,Short card subtitle; DE optimized for MR/Product/Management audience,reviewed
results.kpi.pi_source.title,src/psm_tool/ui/pages/2_results.py,kpi_summary,title,PI Source,PI-Quelle,KPI card title in turnover tab,,Short card title; DE optimized for MR/Product/Management audience,reviewed
results.kpi.maximum_profit_price.title,src/psm_tool/ui/pages/2_results.py,kpi_summary,title,Maximum Profit Price,Preis mit maximalem Profit,KPI card title in profit tab,,Short card title; DE optimized for MR/Product/Management audience,reviewed
results.kpi.maximum_profit_price.subtitle,src/psm_tool/ui/pages/2_results.py,kpi_summary,label,Price where profit proxy reaches its maximum,"Preis, bei dem der Profit-Proxy sein Maximum erreicht",KPI explanation subtitle,,Short card subtitle; DE optimized for MR/Product/Management audience,reviewed
results.kpi.break_even_cost.title,src/psm_tool/ui/pages/2_results.py,kpi_summary,title,Break-even (Cost),Break-even (Kosten),KPI card title in profit tab,,Card title; DE optimized for MR/Product/Management audience,reviewed
results.kpi.break_even_cost.subtitle,src/psm_tool/ui/pages/2_results.py,kpi_summary,label,Price where unit margin equals zero,"Preis, bei dem die Stückmarge null ist",KPI explanation subtitle,,Short card subtitle; DE optimized for MR/Product/Management audience,reviewed
results.kpi.maximum_profit_index.title,src/psm_tool/ui/pages/2_results.py,kpi_summary,title,Maximum Profit Index,Maximaler Profit Index,KPI card title in profit tab,,Card title; DE optimized for MR/Product/Management audience,reviewed
results.kpi.maximum_profit_index.subtitle,src/psm_tool/ui/pages/2_results.py,kpi_summary,label,Normalized profit proxy score at the optimum,Normierter Profit-Proxy-Wert am Optimum,KPI explanation subtitle,,Short card subtitle; DE optimized for MR/Product/Management audience,reviewed
results.kpi.max_trial_price.title,src/psm_tool/ui/pages/2_results.py,kpi_summary,title,Max Trial Price,Max-Trial-Preis,KPI card title in NMS tab,,Card title; DE optimized for MR/Product/Management audience,reviewed
results.kpi.max_trial_price.subtitle,src/psm_tool/ui/pages/2_results.py,kpi_summary,label,(Price where modeled trial intent reaches its maximum),"(Preis, bei dem die modellierte Trial-Absicht ihr Maximum erreicht)",KPI explanation subtitle,,Keep Trial as metric name; DE optimized for MR/Product/Management audience,reviewed
results.kpi.max_revenue_price.title,src/psm_tool/ui/pages/2_results.py,kpi_summary,title,Max Revenue Price,Max-Revenue-Preis,KPI card title in NMS tab,,Card title; DE optimized for MR/Product/Management audience,reviewed
results.kpi.max_revenue_price.subtitle,src/psm_tool/ui/pages/2_results.py,kpi_summary,label,(Price where modeled revenue per 100 reaches its maximum),"(Preis, bei dem die modellierte Revenue pro 100 ihr Maximum erreicht)",KPI explanation subtitle,,Keep Revenue as metric name; DE optimized for MR/Product/Management audience,reviewed
results.kpi.nms_included_n.title,src/psm_tool/ui/pages/2_results.py,kpi_summary,title,NMS Included N,NMS eingeschlossenes n,KPI card title in NMS tab,,May keep mixed technical label; check terminology; DE optimized for MR/Product/Management audience,reviewed
results.kpi.nms_included_n.subtitle,src/psm_tool/ui/pages/2_results.py,kpi_summary,label,(Respondents included after PI eligibility and missing checks),"(Befragte, die nach PI-Eignungs- und Missing-Prüfung eingeschlossen wurden)",KPI explanation subtitle,,Subtitle only; DE optimized for MR/Product/Management audience,reviewed
psm_chart.title,src/psm_tool/plots/psm_plot.py,psm_chart,title,Van Westendorp Price Sensitivity Meter,Van-Westendorp-Preissensitivitätsanalyse,PSM chart title,,Chart title; DE optimized for MR/Product/Management audience,reviewed
psm_chart.axis.x,src/psm_tool/plots/psm_plot.py,psm_chart,axis,Price,Preis,PSM chart x-axis label,,Axis label; DE optimized for MR/Product/Management audience,reviewed
psm_chart.axis.y,src/psm_tool/plots/psm_plot.py,psm_chart,axis,Share (%),Anteil (%),PSM chart y-axis label,,Axis label; DE optimized for MR/Product/Management audience,reviewed
psm_chart.legend.too_cheap,src/psm_tool/plots/psm_plot.py,psm_chart,legend,Too Cheap,Zu günstig,PSM curve legend label,,PSM term usually kept; DE optimized for MR/Product/Management audience,reviewed
psm_chart.legend.bargain,src/psm_tool/plots/psm_plot.py,psm_chart,legend,Bargain,Günstig,PSM curve legend label,,PSM term often kept in English; DE optimized for MR/Product/Management audience,reviewed
psm_chart.legend.not_expensive,src/psm_tool/plots/psm_plot.py,psm_chart,legend,Not Expensive,Nicht teuer,PSM curve legend label,,PSM term; check final convention; DE optimized for MR/Product/Management audience,reviewed
psm_chart.legend.not_bargain,src/psm_tool/plots/psm_plot.py,psm_chart,legend,Not Bargain,Nicht günstig,PSM curve legend label,,PSM term; check final convention; DE optimized for MR/Product/Management audience,reviewed
psm_chart.legend.expensive,src/psm_tool/plots/psm_plot.py,psm_chart,legend,Expensive,Teuer,PSM curve legend label,,PSM term; check final convention; DE optimized for MR/Product/Management audience,reviewed
psm_chart.legend.too_expensive,src/psm_tool/plots/psm_plot.py,psm_chart,legend,Too Expensive,Zu teuer,PSM curve legend label,,PSM term; check final convention; DE optimized for MR/Product/Management audience,reviewed
psm_chart.marker.pmi,src/psm_tool/plots/psm_plot.py,psm_chart,marker,PMI,PMI,Vertical marker label on PSM chart,,Abbreviation kept,reviewed
psm_chart.marker.opp,src/psm_tool/plots/psm_plot.py,psm_chart,marker,OPP,OPP,Vertical marker label on PSM chart,,Abbreviation kept,reviewed
psm_chart.marker.idp,src/psm_tool/plots/psm_plot.py,psm_chart,marker,IDP,IDP,Vertical marker label on PSM chart,,Abbreviation kept,reviewed
psm_chart.marker.pme,src/psm_tool/plots/psm_plot.py,psm_chart,marker,PME,PME,Vertical marker label on PSM chart,,Abbreviation kept,reviewed
nms_chart.title,src/psm_tool/plots/nms_plot.py,nms_chart,title,NMS Trial + Revenue,NMS Trial + Revenue,NMS chart title,,Keep metric names Trial and Revenue; DE optimized for MR/Product/Management audience,reviewed
nms_chart.axis.x,src/psm_tool/plots/nms_plot.py,nms_chart,axis,Price,Preis,NMS chart x-axis label,,Axis label; DE optimized for MR/Product/Management audience,reviewed
nms_chart.legend.trial_pct,src/psm_tool/plots/nms_plot.py,nms_chart,legend,Trial %,Trial %,NMS legend/annotation label,,Keep metric name Trial; DE optimized for MR/Product/Management audience,reviewed
nms_chart.legend.revenue_per_100,src/psm_tool/plots/nms_plot.py,nms_chart,legend,Revenue / 100,Revenue / 100,NMS legend/annotation label,,Keep metric name Revenue; DE optimized for MR/Product/Management audience,reviewed
nms_chart.marker.max_trial,src/psm_tool/plots/nms_plot.py,nms_chart,marker,MaxTrial,Max Trial,NMS vertical marker label,,Chart label can be spaced for review; DE optimized for MR/Product/Management audience,reviewed
nms_chart.marker.max_revenue,src/psm_tool/plots/nms_plot.py,nms_chart,marker,MaxRevenue,Max Revenue,NMS vertical marker label,,Chart label can be spaced for review; DE optimized for MR/Product/Management audience,reviewed
turnover_chart.title,src/psm_tool/plots/turnover_index_plot.py,turnover_chart,title,Purchase Intention & Turnover Index (0-100),Kaufabsicht & Turnover Index (0-100),Turnover chart title,,Keep Turnover Index in English; DE optimized for MR/Product/Management audience,reviewed
profit_chart.title,src/psm_tool/plots/turnover_index_plot.py,profit_chart,title,Purchase Intention & Profit Index (0-100),Kaufabsicht & Profit Index (0-100),Profit chart title,,Keep Profit Index in English; DE optimized for MR/Product/Management audience,reviewed
economics_chart.axis.x,src/psm_tool/plots/turnover_index_plot.py,turnover_chart,axis,Price,Preis,Turnover/profit chart x-axis label,,Axis label; DE optimized for MR/Product/Management audience,reviewed
economics_chart.axis.y,src/psm_tool/plots/turnover_index_plot.py,turnover_chart,axis,Index / %,Index / %,Turnover/profit chart y-axis label,,Axis label unchanged; DE optimized for MR/Product/Management audience,reviewed
economics_chart.legend.purchase_intention,src/psm_tool/plots/turnover_index_plot.py,turnover_chart,legend,Purchase Intention,Kaufabsicht,Legend label for PI curve,,Legend label; DE optimized for MR/Product/Management audience,reviewed
economics_chart.legend.turnover_index,src/psm_tool/plots/turnover_index_plot.py,turnover_chart,legend,Turnover Index,Turnover Index,Legend label for turnover curve,,Metric term kept; DE optimized for MR/Product/Management audience,reviewed
economics_chart.legend.profit_index,src/psm_tool/plots/turnover_index_plot.py,profit_chart,legend,Profit Index,Profit Index,Legend label for profit curve,,Metric term kept; DE optimized for MR/Product/Management audience,reviewed
economics_chart.marker.maximum_profit_proxy,src/psm_tool/plots/turnover_index_plot.py,profit_chart,marker,Maximum Profit Proxy,Max Profit Proxy,Vertical marker label in profit view,,Check whether shorter DE phrasing is needed for chart; DE optimized for MR/Product/Management audience,reviewed
economics_chart.marker.break_even_cost,src/psm_tool/plots/turnover_index_plot.py,profit_chart,marker,Break-even (Cost),Break-even (Kosten),Vertical marker label in profit view,,Chart marker label; DE optimized for MR/Product/Management audience,reviewed
economics_chart.marker.maximum_turnover_price_dynamic,src/psm_tool/plots/turnover_index_plot.py,turnover_chart,marker,Maximum Turnover {price:.2f} {currency},Max Turnover {price:.2f} {currency},Dynamic vertical marker label in turnover view,{price:.2f}; {currency},Dynamic marker text; DE optimized for MR/Product/Management audience,reviewed
benchmark.marker.tested_price,src/psm_tool/plots/benchmarks.py,psm_chart,marker,Tested Price,Getesteter Preis,Shared vertical benchmark label across charts,,Shared marker label; DE optimized for MR/Product/Management audience,reviewed
kpi_summary.title,src/psm_tool/report/kpi_summary_png.py,kpi_summary,title,KPI Summary,KPI-Übersicht,KPI summary figure title,,May stay English to match export assets; DE optimized for MR/Product/Management audience,reviewed
kpi_summary.context_line,src/psm_tool/report/kpi_summary_png.py,kpi_summary,label,Product: {product} | Country: {country} | Currency: {currency},Produkt: {product} | Land: {country} | Währung: {currency},Context line above KPI summary cards,{product}; {country}; {currency},Dynamic context line; DE optimized for MR/Product/Management audience,reviewed
kpi_summary.card.pmi.term,src/psm_tool/report/kpi_summary_png.py,kpi_summary,label,Point of Marginal Cheapness,Point of Marginal Cheapness,Second-line term in KPI summary card,,Abbreviation expansion intentionally kept; DE optimized for MR/Product/Management audience,reviewed
kpi_summary.card.opp.term,src/psm_tool/report/kpi_summary_png.py,kpi_summary,label,Optimal Price Point,Optimal Price Point,Second-line term in KPI summary card,,Abbreviation expansion intentionally kept; DE optimized for MR/Product/Management audience,reviewed
kpi_summary.card.idp.term,src/psm_tool/report/kpi_summary_png.py,kpi_summary,label,Indifference Price Point,Indifference Price Point,Second-line term in KPI summary card,,Abbreviation expansion intentionally kept; DE optimized for MR/Product/Management audience,reviewed
kpi_summary.card.pme.term,src/psm_tool/report/kpi_summary_png.py,kpi_summary,label,Point of Marginal Expensiveness,Point of Marginal Expensiveness,Second-line term in KPI summary card,,Abbreviation expansion intentionally kept; DE optimized for MR/Product/Management audience,reviewed
kpi_summary.card.pmi.explanation,src/psm_tool/report/kpi_summary_png.py,kpi_summary,label,Lower bound of acceptable price,Untere Grenze des akzeptierten Preisbereichs,Explanation text in KPI summary card,,Short card copy; DE optimized for MR/Product/Management audience,reviewed
kpi_summary.card.opp.explanation,src/psm_tool/report/kpi_summary_png.py,kpi_summary,label,Balance point of cheap and expensive,Gleichgewichtspunkt zwischen günstig und teuer,Explanation text in KPI summary card,,Short card copy; DE optimized for MR/Product/Management audience,reviewed
kpi_summary.card.idp.explanation,src/psm_tool/report/kpi_summary_png.py,kpi_summary,label,Balance point of value and expensiveness,Gleichgewichtspunkt zwischen Preiswürdigkeit und Teuer-Wahrnehmung,Explanation text in KPI summary card,,Short card copy; DE optimized for MR/Product/Management audience,reviewed
kpi_summary.card.pme.explanation,src/psm_tool/report/kpi_summary_png.py,kpi_summary,label,Upper bound of acceptable price,Obere Grenze des akzeptierten Preisbereichs,Explanation text in KPI summary card,,Short card copy; DE optimized for MR/Product/Management audience,reviewed
kpi_summary.card.not_available,src/psm_tool/report/kpi_summary_png.py,kpi_summary,label,Not available,Nicht verfügbar,Fallback explanation/value in KPI summary cards,,Short fallback text; DE optimized for MR/Product/Management audience,reviewed
kpi_summary.card.interval_suffix,src/psm_tool/report/kpi_summary_png.py,kpi_summary,label,interval estimate,Intervallschätzung,Explanation suffix for interval KPI cards,,Short explanatory suffix; DE optimized for MR/Product/Management audience,reviewed
kpi_summary.card.diagnostic_suffix,src/psm_tool/report/kpi_summary_png.py,kpi_summary,label,diagnostic,diagnostisch,Explanation suffix for diagnostic KPI cards,,Short explanatory suffix; DE optimized for MR/Product/Management audience,reviewed
kpi_summary.card.max_turnover_price.label,src/psm_tool/report/kpi_summary_png.py,kpi_summary,title,Max Turnover Price,Preis mit maximalem Turnover,KPI summary card label,,Terminology rule applied; DE optimized for MR/Product/Management audience,reviewed
kpi_summary.card.max_turnover_price.term,src/psm_tool/report/kpi_summary_png.py,kpi_summary,label,Highest Turnover Index,Höchster Turnover Index,Secondary term in KPI summary card,,Short label; DE optimized for MR/Product/Management audience,reviewed
kpi_summary.card.max_turnover_price.explanation,src/psm_tool/report/kpi_summary_png.py,kpi_summary,label,Price with highest turnover index,Preis mit höchstem Turnover Index,Explanation text in KPI summary card,,Short card copy; DE optimized for MR/Product/Management audience,reviewed
kpi_summary.card.max_turnover_price.na_explanation,src/psm_tool/report/kpi_summary_png.py,kpi_summary,label,Not available for this analysis,Für diese Analyse nicht verfügbar,Fallback explanation for missing turnover result,,Short fallback text; DE optimized for MR/Product/Management audience,reviewed
kpi_summary.card.tested_price.label,src/psm_tool/report/kpi_summary_png.py,kpi_summary,title,Tested Price,Getesteter Preis,Conditional KPI summary card label,,Terminology rule applied; DE optimized for MR/Product/Management audience,reviewed
kpi_summary.card.tested_price.term,src/psm_tool/report/kpi_summary_png.py,kpi_summary,label,Study Benchmark,Studien-Benchmark,Secondary term in tested-price KPI card,,Short label; DE optimized for MR/Product/Management audience,reviewed
kpi_summary.card.tested_price.explanation,src/psm_tool/report/kpi_summary_png.py,kpi_summary,label,Price tested in study,In der Studie getesteter Preis,Explanation text in tested-price KPI card,,Short card copy; DE optimized for MR/Product/Management audience,reviewed
export.title,src/psm_tool/ui/pages/3_export.py,export,title,3. Export,3. Export,Export page title,,Page title,reviewed
export.notice.no_analysis,src/psm_tool/ui/pages/3_export.py,export,warning,"No analysis available yet. Start from Upload to change data, then run Results to compute KPIs before export.","Noch keine Analyse verfügbar. Laden oder ändern Sie Daten unter Upload und berechnen Sie anschließend die KPIs in Ergebnisse, bevor Sie exportieren.",Warning shown when dataset exists but no analysis payload is available,,Multi-step guidance; DE optimized for MR/Product/Management audience,reviewed
export.button.go_to_results,src/psm_tool/ui/pages/3_export.py,export,button,Go to Results,Zu Ergebnisse,Navigation button to results page,,Button label; DE optimized for MR/Product/Management audience,reviewed
export.notice.no_dataset,src/psm_tool/ui/pages/3_export.py,export,warning,No dataset loaded. Run page '1 Upload' first (or again) to enable Results and Export.,"Kein Datensatz geladen. Bitte zuerst Seite '1 Upload' öffnen, damit Ergebnisse und Export verfügbar werden.",Warning shown when entering export without dataset,,Status message; DE optimized for MR/Product/Management audience,reviewed
export.caption.in_memory,src/psm_tool/ui/pages/3_export.py,export,caption,Exports are generated in-memory and are not written to disk by default.,Exporte werden im Arbeitsspeicher erzeugt und standardmäßig nicht auf die Festplatte geschrieben.,Caption on export page,,Privacy/process statement; DE optimized for MR/Product/Management audience,reviewed
export.notice.batch_scope,src/psm_tool/ui/pages/3_export.py,export,info,This page exports all available Product x Country combinations using the current filter configuration and auto-grid behavior.,Diese Seite exportiert alle verfügbaren Produkt-×-Land-Kombinationen mit der aktuellen Filterkonfiguration und dem Auto-Grid-Verhalten.,Main explanatory text on export page,,Batch export scope; DE optimized for MR/Product/Management audience,reviewed
export.preflight.success,src/psm_tool/plots/render_static.py,export,info,Static export preflight succeeded.,Preflight für den statischen Export erfolgreich.,Positive preflight message,,Status message; DE optimized for MR/Product/Management audience,reviewed
export.preflight.resolve_errors,src/psm_tool/ui/pages/3_export.py,export,warning,Resolve static rendering preflight errors before generating export files.,"Bitte Preflight-Fehler des statischen Renderings beheben, bevor Exportdateien erzeugt werden.",Blocking warning on export page,,Action message; DE optimized for MR/Product/Management audience,reviewed
export.preflight.browser_guidance,src/psm_tool/plots/render_static.py,export,error,"Static export requires Chrome/Chromium for Kaleido v1. Install Chrome/Chromium, or run `python -c ""import plotly.io as pio; pio.get_chrome()""`, or set BROWSER_PATH if the browser is installed but not auto-discovered.","Statischer Export erfordert Chrome/Chromium für Kaleido v1. Installieren Sie Chrome/Chromium, führen Sie `python -c ""import plotly.io as pio; pio.get_chrome()""` aus oder setzen Sie BROWSER_PATH, falls der Browser installiert ist, aber nicht automatisch gefunden wird.",Browser/kaleido preflight error guidance,,Keep technical commands and environment variable; DE optimized for MR/Product/Management audience,reviewed
export.metric.pptx_template,src/psm_tool/ui/pages/3_export.py,export,label,PPTX template,PPTX-Vorlage,Metric label on export page,,Metric label; DE optimized for MR/Product/Management audience,reviewed
export.metric.product_country_count,src/psm_tool/ui/pages/3_export.py,export,label,Product x Country,Produkt × Land,Metric label on export page,,Metric label; DE optimized for MR/Product/Management audience,reviewed
export.metric.export_mode,src/psm_tool/ui/pages/3_export.py,export,label,Export mode,Exportmodus,Metric label on export page,,Metric label; DE optimized for MR/Product/Management audience,reviewed
export.metric.yes,src/psm_tool/ui/pages/3_export.py,export,label,yes,ja,Metric value for template available,,Short value; DE optimized for MR/Product/Management audience,reviewed
export.metric.no,src/psm_tool/ui/pages/3_export.py,export,label,no,nein,Metric value for template unavailable,,Short value; DE optimized for MR/Product/Management audience,reviewed
export.metric.auto_grid_batch,src/psm_tool/ui/pages/3_export.py,export,label,Auto-grid batch,Auto-Grid-Batch,Metric value describing export mode,,Keep technical mode wording; DE optimized for MR/Product/Management audience,reviewed
export.button.download_pptx,src/psm_tool/ui/pages/3_export.py,export,button,Download PPTX report,PPTX-Report herunterladen,Export download button,,Button label; DE optimized for MR/Product/Management audience,reviewed
export.button.download_excel,src/psm_tool/ui/pages/3_export.py,export,button,Download Excel export,Excel-Export herunterladen,Export download button,,Button label; DE optimized for MR/Product/Management audience,reviewed
export.button.download_kpi_png,src/psm_tool/ui/pages/3_export.py,export,button,Download KPI Summary PNG,KPI-Übersicht als PNG herunterladen,Export download button,,Button label; DE optimized for MR/Product/Management audience,reviewed
export.filename.pptx,src/psm_tool/ui/pages/3_export.py,export,label,psm_report_{product}_{segment}.pptx,psm_report_{product}_{segment}.pptx,Generated PPTX export filename,{product}; {segment},Filename pattern should typically stay unchanged,reviewed
export.filename.excel,src/psm_tool/ui/pages/3_export.py,export,label,psm_export_{product}_{segment}.xlsx,psm_export_{product}_{segment}.xlsx,Generated Excel export filename,{product}; {segment},Filename pattern should typically stay unchanged,reviewed
export.filename.kpi_png,src/psm_tool/ui/pages/3_export.py,export,label,kpi_summary_{product}_{segment}.png,kpi_summary_{product}_{segment}.png,Generated KPI summary PNG filename,{product}; {segment},Filename pattern should typically stay unchanged,reviewed
export.excel.sheet.kpis,src/psm_tool/report/excel_export.py,export,label,kpis,kpis,Excel sheet name for KPI summary table,,Worksheet name usually stays technical,reviewed
export.excel.sheet.curves,src/psm_tool/report/excel_export.py,export,label,curves,curves,Excel sheet name for exported curve table,,Worksheet name usually stays technical,reviewed
export.excel.sheet.nms_kpis,src/psm_tool/report/excel_export.py,export,label,nms_kpis,nms_kpis,Excel sheet name for NMS/turnover KPI table,,Worksheet name usually stays technical,reviewed
export.excel.sheet.turnover_index,src/psm_tool/report/excel_export.py,export,label,turnover_index,turnover_index,Excel sheet name for turnover/profit curve export,,Worksheet name usually stays technical,reviewed
report.glossary.pmi,src/psm_tool/report/insights.py,report,methodology_text,Lower bound of the acceptable price range (marginal inexpensiveness).,Untere Grenze des akzeptierten Preisbereichs (marginale Preisgünstigkeit).,PSM glossary explanation,,Glossary text; DE optimized for MR/Product/Management audience,reviewed
report.glossary.opp,src/psm_tool/report/insights.py,report,methodology_text,Price where 'too cheap' and 'too expensive' concerns are balanced.,"Preis, bei dem sich „zu günstig“- und „zu teuer“-Wahrnehmungen ausgleichen.",PSM glossary explanation,,Glossary text; DE optimized for MR/Product/Management audience,reviewed
report.glossary.idp,src/psm_tool/report/insights.py,report,methodology_text,Price where value-for-money and expensiveness perceptions are balanced.,"Preis, bei dem sich Preiswürdigkeit und Teuer-Wahrnehmung ausgleichen.",PSM glossary explanation,,Glossary text; DE optimized for MR/Product/Management audience,reviewed
report.glossary.pme,src/psm_tool/report/insights.py,report,methodology_text,Upper bound of the acceptable price range (marginal expensiveness).,Obere Grenze des akzeptierten Preisbereichs (marginale Teuer-Wahrnehmung).,PSM glossary explanation,,Glossary text; DE optimized for MR/Product/Management audience,reviewed
report.glossary.accepted_range,src/psm_tool/report/insights.py,report,methodology_text,Band between PMI and PME where price acceptance is highest.,"Bereich zwischen PMI und PME, in dem die Preisakzeptanz am höchsten ist.",PSM glossary explanation,,Glossary text; DE optimized for MR/Product/Management audience,reviewed
report.glossary.price_stress,src/psm_tool/report/insights.py,report,methodology_text,Difference between OPP and IDP; signals upward or downward pricing pressure.,Differenz zwischen OPP und IDP; signalisiert auf- oder abwärtsgerichteten Preisdruck.,PSM glossary explanation,,Glossary text; DE optimized for MR/Product/Management audience,reviewed
report.glossary.max_trial_price,src/psm_tool/report/insights.py,report,methodology_text,Price where modeled trial intent reaches its maximum.,"Preis, bei dem die modellierte Trial-Absicht ihr Maximum erreicht.",NMS glossary explanation,,Glossary text; DE optimized for MR/Product/Management audience,reviewed
report.glossary.max_revenue_price,src/psm_tool/report/insights.py,report,methodology_text,Price where modeled revenue per 100 prospects reaches its maximum.,"Preis, bei dem die modellierte Revenue pro 100 Interessenten ihr Maximum erreicht.",NMS glossary explanation,,Glossary text; DE optimized for MR/Product/Management audience,reviewed
report.glossary.included_n,src/psm_tool/report/insights.py,report,methodology_text,Respondents included in NMS after PI/PUKI eligibility and missing-value handling.,"Befragte, die nach PI-/PUKI-Eignungsprüfung und Missing-Handling in NMS enthalten sind.",NMS glossary explanation,,Glossary text; DE optimized for MR/Product/Management audience,reviewed
report.glossary.puki_filter,src/psm_tool/report/insights.py,report,methodology_text,Eligibility threshold used for PI population selection.,Eignungsschwelle für die Auswahl der PI-Population.,NMS glossary explanation,,Glossary text; DE optimized for MR/Product/Management audience,reviewed
report.glossary.weighting,src/psm_tool/report/insights.py,report,methodology_text,Whether valid survey weights were applied in NMS averaging.,"Gibt an, ob gültige Survey-Gewichte in der NMS-Mittelung verwendet wurden.",NMS glossary explanation,,Glossary text; DE optimized for MR/Product/Management audience,reviewed
report.glossary.max_turnover_price,src/psm_tool/report/insights.py,report,methodology_text,Price where turnover index reaches its maximum (index = 100).,"Preis, bei dem der Turnover Index sein Maximum erreicht (Index = 100).",Turnover glossary explanation,,Glossary text; DE optimized for MR/Product/Management audience,reviewed
report.glossary.max_turnover_index,src/psm_tool/report/insights.py,report,methodology_text,Normalized turnover score on a 0-100 scale.,Normierter Turnover-Wert auf einer 0-100-Skala.,Turnover glossary explanation,,Glossary text; DE optimized for MR/Product/Management audience,reviewed
report.glossary.pi_source,src/psm_tool/report/insights.py,report,methodology_text,Source used for purchase intention curve (ladder or NMS trial fallback).,Quelle der Kaufabsichtskurve (Preisleiter oder NMS-Trial-Fallback).,Turnover glossary explanation,,Glossary text; DE optimized for MR/Product/Management audience,reviewed
report.turnover_source.ladder.label,src/psm_tool/report/insights.py,report,label,PI ladder,PI-Preisleiter,Display label for purchase-intention ladder source,,Visible in PI Source KPI card; DE optimized for MR/Product/Management audience,reviewed
report.turnover_source.ladder.note,src/psm_tool/report/insights.py,report,report_sentence,Uses explicit purchase-intention values from a provided price ladder table.,Verwendet explizite Kaufabsichtswerte aus einer bereitgestellten Preisleiter-Tabelle.,Explanatory text for PI ladder source,,Visible in PI Source KPI subtitle/summary context; DE optimized for MR/Product/Management audience,reviewed
report.turnover_source.nms_fallback.label,src/psm_tool/report/insights.py,report,label,NMS trial fallback,NMS-Trial-Fallback,Display label for modeled NMS fallback source,,Visible in PI Source KPI card; DE optimized for MR/Product/Management audience,reviewed
report.turnover_source.nms_fallback.note,src/psm_tool/report/insights.py,report,report_sentence,Uses the modeled NMS trial curve from respondent anchor points when no explicit price ladder is provided.,"Verwendet die modellierte NMS-Trial-Kurve aus Befragten-Ankerpunkten, wenn keine explizite Preisleiter bereitgestellt wird.",Explanatory text for NMS fallback source,,Visible in PI Source KPI subtitle/summary context; DE optimized for MR/Product/Management audience,reviewed
report.glossary.unit_cost,src/psm_tool/report/insights.py,report,methodology_text,Manually entered unit cost used only in this session.,"Manuell eingegebene Stückkosten, die nur in dieser Session verwendet werden.",Profit glossary explanation,,Glossary text; DE optimized for MR/Product/Management audience,reviewed
report.glossary.max_profit_price,src/psm_tool/report/insights.py,report,methodology_text,Price where profit proxy is highest.,"Preis, bei dem der Profit-Proxy am höchsten ist.",Profit glossary explanation,,Glossary text; DE optimized for MR/Product/Management audience,reviewed
report.glossary.max_profit_index,src/psm_tool/report/insights.py,report,methodology_text,Normalized profit proxy score on a 0-100 scale.,Normierter Profit-Proxy-Wert auf einer 0-100-Skala.,Profit glossary explanation,,Glossary text; DE optimized for MR/Product/Management audience,reviewed
report.glossary.break_even_cost,src/psm_tool/report/insights.py,report,methodology_text,Price where unit margin is zero (price equals cost).,"Preis, bei dem die Stückmarge null ist (Preis entspricht Kosten).",Profit glossary explanation,,Glossary text; DE optimized for MR/Product/Management audience,reviewed
report.wording.competition_caveat,src/psm_tool/report/wording_policy.py,report,warning,No competition/substitution model is included.,Es ist kein Wettbewerbs-/Substitutionsmodell enthalten.,Standard caveat appended to summaries,,High-visibility caveat; DE optimized for MR/Product/Management audience,reviewed
report.wording.prefix.perception,src/psm_tool/report/wording_policy.py,report,report_sentence,Perception:,Preiswahrnehmung:,Lens prefix added to rule-based report sentences,,Lens label; may remain English in final if preferred; DE optimized for MR/Product/Management audience,reviewed
report.wording.prefix.modeled_demand,src/psm_tool/report/wording_policy.py,report,report_sentence,Modeled demand:,Modellierte Nachfrage:,Lens prefix added to rule-based report sentences,,Lens label; DE optimized for MR/Product/Management audience,reviewed
report.wording.prefix.economics_proxy,src/psm_tool/report/wording_policy.py,report,report_sentence,Economics proxy:,Economics Proxy:,Lens prefix added to rule-based report sentences,,Check preferred DE/EN final terminology; DE optimized for MR/Product/Management audience,reviewed
report.wording.recommendation_blocked,src/psm_tool/report/wording_policy.py,report,report_sentence,no target-price recommendation is issued.,es wird keine Zielpreisempfehlung ausgesprochen.,Suffix added when recommendation language is blocked,,Dynamic sentence suffix; DE optimized for MR/Product/Management audience,reviewed
report.wording.interpret_with_caution,src/psm_tool/report/wording_policy.py,report,report_sentence,interpret with caution.,mit Vorsicht interpretieren.,Suffix added for unstable results,,Dynamic sentence suffix; DE optimized for MR/Product/Management audience,reviewed
report.wording.current_assumptions,src/psm_tool/report/wording_policy.py,report,report_sentence,under current assumptions.,unter den aktuellen Annahmen.,Suffix added to wording-policy sentences,,Dynamic sentence suffix; DE optimized for MR/Product/Management audience,reviewed
knowledge.markdown.overview,src/psm_tool/ui/knowledge_content.py,knowledge,methodology_text,"# Knowledge & Methodology\n\nThis page documents exactly what this tool does in code. The logic is deterministic, rule-based, and reproducible.\n\n## What this tool computes\nThe tool combines two pricing lenses:\n- **PSM (perception boundaries):** derives PMI, OPP, IDP, PME and accepted range from four threshold questions.\n- **Purchase Intention + Turnover/Profit proxies:** derives PI-over-price and index curves from respondent PI anchors (or optional PI ladder input).\n\n## Runtime workflow in this app\n1) Read file into a canonical DataFrame (`read_any`)\n2) Validate schema and numeric coercion (`validate_template`)\n3) Select product/segment in Results\n4) Build analysis base (plausibility filter toggle, then optional outlier filter)\n5) Build grid (`build_price_grid_details`)\n6) Compute PSM curves/KPIs\n7) Compute NMS/PI and turnover/profit proxies when PI exists\n8) Export PPTX/Excel from the same payload\n\n### Supported file types (runtime)\n{supported_files}\n\n### Quick glossary\n- **Threshold columns:** `too_cheap`, `bargain`, `expensive_acceptable`, `too_expensive`\n- **Accepted range:** `[PMI, PME]`\n- **Turnover index:** `price * PI`, normalized to max = 100\n\n## Model Layers\n- **Perception layer (PSM):** price perception boundaries (PMI/OPP/IDP/PME).\n- **Modeled demand layer (NMS/PI):** modeled purchase-intention curves from anchor assumptions.\n- **Economics proxy layer:** turnover/profit proxies derived from modeled PI.\n\nPSM measures price perception boundaries, not observed market demand under competition.\n{competition_caveat}\n\n### Wording policy examples\n- `{perception_example}`\n- `{demand_example}`\n- `{economics_example}`","# Wissen & Methodik\n\nDiese Seite dokumentiert, was das Tool im Code berechnet. Die Logik ist deterministisch, regelbasiert und reproduzierbar.\n\n## Was das Tool berechnet\nDas Tool kombiniert zwei Pricing-Perspektiven:\n- **PSM (Preiswahrnehmungsgrenzen):** leitet PMI, OPP, IDP, PME und den akzeptierten Preisbereich aus vier Schwellenfragen ab.\n- **Kaufabsicht + Turnover-/Profit-Proxies:** leitet PI-über-Preis- und Indexkurven aus PI-Ankern auf Befragtenebene ab (oder aus einem optionalen PI-Preisleiter-Input).\n\n## Laufzeit-Workflow in der App\n1) Datei in ein kanonisches DataFrame einlesen (`read_any`)\n2) Schema und numerische Werte validieren (`validate_template`)\n3) Produkt/Segment in Ergebnisse auswählen\n4) Analysebasis aufbauen (Plausibilitätsfilter, danach optionaler Ausreißerfilter)\n5) Preisgrid aufbauen (`build_price_grid_details`)\n6) PSM-Kurven/KPIs berechnen\n7) NMS/PI sowie Turnover-/Profit-Proxies berechnen, sofern PI vorhanden ist\n8) PPTX/Excel aus demselben Payload exportieren\n\n### Unterstützte Dateitypen (Runtime)\n{supported_files}\n\n### Kurzes Glossar\n- **Schwellen-Spalten:** `too_cheap`, `bargain`, `expensive_acceptable`, `too_expensive`\n- **Akzeptierter Preisbereich:** `[PMI, PME]`\n- **Turnover Index:** `price * PI`, normiert auf max = 100\n\n## Modellschichten\n- **Perception Layer (PSM):** Grenzen der Preiswahrnehmung (PMI/OPP/IDP/PME).\n- **Modeled Demand Layer (NMS/PI):** modellierte Kaufabsichtskurven aus Ankerannahmen.\n- **Economics Proxy Layer:** Turnover-/Profit-Proxies aus modellierter PI.\n\nPSM misst Grenzen der Preiswahrnehmung, nicht beobachtete Marktnachfrage unter Wettbewerb.\n{competition_caveat}\n\n### Beispiele für die Wording Policy\n- `{perception_example}`\n- `{demand_example}`\n- `{economics_example}`",Knowledge tab markdown content,{supported_files}; {competition_caveat}; {perception_example}; {demand_example}; {economics_example},Existing Knowledge translation improved; multiline content condensed with \n escapes; DE optimized for MR/Product/Management audience,reviewed
knowledge.markdown.psm,src/psm_tool/ui/knowledge_content.py,knowledge,methodology_text,"# PSM (Price Sensitivity Meter)\n\n## Inputs and validity rule\nPSM uses four threshold columns per respondent:\n- `too_cheap`\n- `bargain`\n- `expensive_acceptable`\n- `too_expensive`\n\nStrict ordering rule used by code:\n`{ordering_rule}`\n\nIn Results, this plausibility filter is a user toggle:\n- ON (default): only ordered respondents enter PSM/NMS analysis\n- OFF: non-ordered respondents can remain in analysis and are explicitly reported in QC\n\n## Curve construction (exact definitions)\nOn each grid price `p`:\n- Too Cheap(p): share with `too_cheap >= p`\n- Bargain(p): share with `bargain >= p`\n- Expensive(p): share with `expensive_acceptable <= p`\n- Too Expensive(p): share with `too_expensive <= p`\n- Not Bargain(p) = `100 - Bargain(p)`\n- Not Expensive(p) = `100 - Expensive(p)`\n\nWeight behavior:\n- If `weight` exists and usable (sum of non-negative weights > 0), weighted shares are used.\n- If `weight` is missing/invalid/all-zero, the tool falls back to unweighted calculation (and reports this in UI/QC).\n\n## KPI intersections\nIntersections are solved on the grid with linear interpolation:\n- PMI: Too Cheap x Not Bargain\n- OPP: Too Cheap x Too Expensive\n- IDP: Bargain x Expensive\n- PME: Too Expensive x Not Expensive\n\nStatus values implemented:\n{statuses}\n\nMeaning:\n- `clean`: sign-change crossing found\n- `interval`: overlapping segment; tool reports midpoint and interval bounds\n- `closest`: no crossing; tool reports closest approach on grid\n\nDerived KPIs:\n- Accepted Range = `[min(PMI, PME), max(PMI, PME)]`\n- Price Stress = `OPP - IDP`","# PSM (Price Sensitivity Meter)\n\n## Inputs und Plausibilitätsregel\nPSM nutzt vier Schwellen-Spalten je Befragtem:\n- `too_cheap`\n- `bargain`\n- `expensive_acceptable`\n- `too_expensive`\n\nDie im Code verwendete strikte Ordnungsregel lautet:\n`{ordering_rule}`\n\nIn Ergebnisse ist dieser Plausibilitätsfilter ein Nutzerschalter:\n- ON (Standard): Nur geordnete Befragte gehen in die PSM-/NMS-Analyse ein\n- OFF: Nicht geordnete Befragte können in der Analyse verbleiben und werden in QC explizit ausgewiesen\n\n## Kurvenkonstruktion (exakte Definitionen)\nFür jeden Grid-Preis `p` gilt:\n- Too Cheap(p): Anteil mit `too_cheap >= p`\n- Bargain(p): Anteil mit `bargain >= p`\n- Expensive(p): Anteil mit `expensive_acceptable <= p`\n- Too Expensive(p): Anteil mit `too_expensive <= p`\n- Not Bargain(p) = `100 - Bargain(p)`\n- Not Expensive(p) = `100 - Expensive(p)`\n\nGewichtungsverhalten:\n- Wenn `weight` vorhanden und nutzbar ist (Summe nicht negativer Gewichte > 0), werden gewichtete Anteile verwendet.\n- Wenn `weight` fehlt, ungültig oder vollständig null ist, fällt das Tool auf ungewichtete Berechnung zurück (mit Hinweis in UI/QC).\n\n## KPI-Schnittpunkte\nDie Schnittpunkte werden auf dem Grid per linearer Interpolation gelöst:\n- PMI: Too Cheap x Not Bargain\n- OPP: Too Cheap x Too Expensive\n- IDP: Bargain x Expensive\n- PME: Too Expensive x Not Expensive\n\nImplementierte Statuswerte:\n{statuses}\n\nBedeutung:\n- `clean`: eindeutige Kreuzung per Vorzeichenwechsel gefunden\n- `interval`: überlappender Bereich; das Tool berichtet Mittelpunkt und Intervallgrenzen\n- `closest`: keine Kreuzung; das Tool berichtet die nächste Annäherung auf dem Grid\n\nAbgeleitete KPIs:\n- Accepted Range = `[min(PMI, PME), max(PMI, PME)]`\n- Price Stress = `OPP - IDP`",Knowledge tab markdown content,{ordering_rule}; {statuses},Existing Knowledge translation improved; long markdown condensed with \n escapes; DE optimized for MR/Product/Management audience,reviewed
knowledge.markdown.nms,src/psm_tool/ui/knowledge_content.py,knowledge,methodology_text,"# NMS (Newton-Miller-Smith)\n\nPurchase Intention & Turnover\n\n## PI sources and priority\nThe tool resolves PI curve source in this order:\n1) Explicit PI ladder (`price`, `purchase_intention_pct`) for selected segment/currency/product\n2) NMS modeled trial curve from respondent-level PI anchors\n\n## Respondent-level NMS model (when no ladder is used)\nRequired PI columns:\n- `pi_bargain_pct`\n- `pi_expensive_pct`\n\nPer respondent, the tool builds a piecewise-linear curve with four anchors:\n`(too_cheap, 0) -> (bargain, PI_bargain) -> (expensive_acceptable, PI_expensive) -> (too_expensive, 0)`\nThen it averages curves over the active analysis base (weighted if usable).\n\nBase population is the current Results analysis base, plus optional PUKI filter:\n- default: `puki <= 2` if `puki` exists\n- optional: `puki <= 3`\n- if `puki` missing: filter is not applied and this is reported\n\n## PI unit invariant and guardrails\nAccepted PI input representations:\n- percent `0..100`\n- fraction `0..1` (normalized with guardrails when detected)\n- coded scale `1..11` (mapped as `pct = 10 + (code - 1) * 9`)\n\n{pi_unit_line}\n\n## Turnover Index (0-100)\n- `revenue_raw(p) = price(p) * (PI(p)/100)`\n- `turnover_index(p) = revenue_raw(p) / max(revenue_raw) * 100` (or 0 if max is 0)\n- max-turnover price tie-break: lowest price among equal maxima\n\nWhy turnover can look plausible while PI is wrong:\n- normalization to max=100 can preserve shape even when PI is scaled incorrectly.\n\n## Optional Profit Proxy mode\nIf unit cost is entered in Results:\n- `profit_proxy_per_100 = (price - cost) * (PI/100) * 100`\n- `profit_index = profit_proxy / max(profit_proxy) * 100` (or 0 if max <= 0)\n- max-profit tie-break: lowest price among equal maxima","# NMS (Newton-Miller-Smith)\n\nKaufabsicht & Turnover\n\n## PI-Quellen und Priorität\nDas Tool bestimmt die Quelle der PI-Kurve in dieser Reihenfolge:\n1) Expliziter PI-Preisleiter (`price`, `purchase_intention_pct`) für das gewählte Segment/die Währung/das Produkt\n2) NMS-modellierte Trial-Kurve aus PI-Ankern auf Befragtenebene\n\n## NMS-Modell auf Befragtenebene (wenn keine Preisleiter verwendet wird)\nErforderliche PI-Spalten:\n- `pi_bargain_pct`\n- `pi_expensive_pct`\n\nPro Befragtem erstellt das Tool eine stückweise lineare Kurve mit vier Ankern:\n`(too_cheap, 0) -> (bargain, PI_bargain) -> (expensive_acceptable, PI_expensive) -> (too_expensive, 0)`\nAnschließend werden die Kurven über die aktive Analysebasis gemittelt (gewichtet, wenn nutzbar).\n\nDie Basispopulation ist die aktuelle Analysebasis aus Ergebnisse, ergänzt um einen optionalen PUKI-Filter:\n- Standard: `puki <= 2`, wenn `puki` vorhanden ist\n- Toggle „neutralen PUKI einbeziehen“: `puki <= 3`\n- wenn `puki` fehlt: kein Filter; dies wird ausgewiesen\n\n## PI-Einheiten und Guardrails\nAkzeptierte PI-Eingabedarstellungen:\n- Prozent `0..100`\n- 0..1-Skala (wird bei Erkennung mit Guardrails normalisiert)\n- codierte Skala `1..11` (Mapping: `pct = 10 + (code - 1) * 9`)\n\n{pi_unit_line}\n\n## Turnover Index (0-100)\n- `revenue_raw(p) = price(p) * (PI(p)/100)`\n- `turnover_index(p) = revenue_raw(p) / max(revenue_raw) * 100` (oder 0, wenn max = 0)\n- Tie-Break beim Max-Turnover-Preis: niedrigster Preis bei Gleichstand\n\nWarum Turnover plausibel wirken kann, obwohl PI falsch skaliert ist:\n- Die Normierung auf max=100 kann die Kurvenform stabil erscheinen lassen, obwohl PI falsch skaliert ist.\n\n## Optionaler Profit-Proxy-Modus\nWenn in Ergebnisse Stückkosten eingetragen werden:\n- `profit_proxy_per_100 = (price - cost) * (PI/100) * 100`\n- `profit_index = profit_proxy / max(profit_proxy) * 100` (oder 0, wenn max <= 0)\n- Tie-Break beim Max-Profit: niedrigster Preis bei Gleichstand",Knowledge tab markdown content,{pi_unit_line},Existing Knowledge translation improved; long markdown condensed with \n escapes; DE optimized for MR/Product/Management audience,reviewed
knowledge.markdown.quality_grid,src/psm_tool/ui/knowledge_content.py,knowledge,methodology_text,"# Quality & Grid\n\n## QC fields reported by code\nQC includes:\n- total rows\n- PSM-valid rows\n- exclusions due to ordering or missing thresholds\n- PUKI pass/excluded counts (if `puki` exists)\n- outlier filter settings and excluded count\n- analysis N after outlier filtering\n- weighting fallback indicators\n\n## Data validation rule: price inputs\nRule: **Negative price values are treated as missing.**\n\nDescription:\n- any threshold value `< 0` is converted to missing in preprocessing\n- negative values are excluded exactly like other missing values\n- no clamping and no transformation is applied\n\nScope:\n- PSM calculations\n- Purchase Intention calculations\n- Turnover Index calculations\n- NMS Trial/Revenue calculations\n\n## Outlier filter (Results control)\nOptional row-level exclusion using quantile bands per price column:\n- Mild: 0.5%..99.5%\n- Medium: 1%..99%\n- Strict: 5%..95%\nA row is excluded if at least one threshold is outside bounds.\n\n## Auto grid algorithm (as implemented)\n{auto_grid_summary}\n\n## Manual grid override\nYou can force `min`, `max`, `step` in Results.\nThis is useful when outliers or unit issues stretch the axis.\n\n### Currency snapping defaults\n{default_currency_snap}","# Qualität & Grid\n\n## Im Code ausgewiesene QC-Felder\nQC umfasst:\n- Gesamtzeilen\n- PSM-valides n\n- Ausschlüsse wegen Ordnungsregel oder fehlender Schwellen\n- PUKI Pass/Excluded Counts (wenn `puki` vorhanden ist)\n- Ausreißerfilter-Einstellungen und ausgeschlossenes n\n- Analyse-n nach Ausreißerfilterung\n- Hinweise zum Weight-Fallback\n\n## Datenvalidierungsregel: Preis-Inputs\nRegel: **Negative Preiswerte werden als fehlend behandelt.**\n\nBeschreibung:\n- jeder Schwellenwert `< 0` wird im Preprocessing als fehlend gesetzt\n- negative Werte werden genauso ausgeschlossen wie andere fehlende Werte\n- es erfolgt kein Clamping und keine Transformation\n\nScope:\n- PSM-Berechnungen\n- Purchase-Intention-Berechnungen\n- Turnover-Index-Berechnungen\n- NMS-Trial-/Revenue-Berechnungen\n\n## Ausreißerfilter (Einstellung in Ergebnisse)\nOptionale Ausschlusslogik auf Zeilenebene über Quantilbänder je Preisspalte:\n- Mild: 0.5%..99.5%\n- Medium: 1%..99%\n- Strict: 5%..95%\nEine Zeile wird ausgeschlossen, wenn mindestens eine Schwelle außerhalb der Grenzen liegt.\n\n## Auto-Grid-Algorithmus (wie implementiert)\n{auto_grid_summary}\n\n## Manuelles Grid-Override\n`min`, `max`, `step` können in Ergebnisse manuell gesetzt werden.\nDas ist hilfreich, wenn Ausreißer oder Einheitenthemen die Achse strecken.\n\n### Standardwerte für Currency Snapping\n{default_currency_snap}",Knowledge tab markdown content,{auto_grid_summary}; {default_currency_snap},Existing Knowledge translation improved; summary placeholder used for long algorithm block; DE optimized for MR/Product/Management audience,reviewed
knowledge.markdown.exports_privacy,src/psm_tool/ui/knowledge_content.py,knowledge,methodology_text,# Exports & Privacy\n\n## Export outputs\n- PPTX with static chart images and KPI text\n- Excel with KPI summary and curve tables\n\n## Static image rendering requirement\nPPTX export converts Plotly figures to PNG via Kaleido.\nA working Chrome/Chromium runtime is required.\nThe app performs an export preflight and shows an actionable error if browser rendering is unavailable.\n\n## Privacy posture\n- Uploaded files are processed in memory in normal app flow.\n- Public demo should only use synthetic/non-sensitive data.\n- Private client datasets should stay local and outside versioned paths.,"# Export & Datenschutz\n\n## Export-Outputs\n- PPTX mit statischen Chart-Bildern und KPI-Texten\n- Excel mit KPI-Übersicht und Kurventabellen\n\n## Voraussetzung für statisches Rendering\nDer PPTX-Export konvertiert Plotly-Figuren über Kaleido in PNG.\nDafür ist eine funktionierende Chrome-/Chromium-Runtime erforderlich.\nDie App führt vor dem Export einen Preflight durch und zeigt eine handlungsrelevante Fehlermeldung, wenn das Browser-Rendering nicht verfügbar ist.\n\n## Datenschutz-Grundsatz\n- Hochgeladene Dateien werden im normalen App-Flow im Arbeitsspeicher verarbeitet.\n- In einer öffentlichen Demo sollten nur synthetische bzw. nicht sensible Daten verwendet werden.\n- Vertrauliche Kundendatensätze sollten lokal und außerhalb versionierter Pfade bleiben.",Knowledge tab markdown content,,Existing Knowledge translation improved; long markdown condensed with \n escapes; DE optimized for MR/Product/Management audience,reviewed
knowledge.markdown.faq,src/psm_tool/ui/knowledge_content.py,knowledge,methodology_text,"# FAQ / Troubleshooting\n\n## Purchase Intention is unexpectedly low\nCheck in this order:\n- PI units (`pi_bargain_pct`, `pi_expensive_pct`) are correctly interpreted: percent `0..100`, fraction `0..1`, or coded `1..11`\n- no mixed PI units across the two PI columns\n- expected PUKI threshold is selected\n- plausibility/outlier filters are intentionally set\n\n## Axis is stretched and curves are compressed\nCommon causes:\n- outliers in threshold columns\n- broad segment mix\n- manual grid not set for focused view\n\nUse:\n- outlier filter and/or\n- manual min/max/step override.\n\n## Turnover index looks fine but PI does not\nThis can happen because turnover is normalized to max=100.\nVerify PI units and PI source mode (ladder vs modeled NMS curve).\n\n## PPTX export fails\nReason is typically missing browser runtime for PNG rendering.\nEnsure Chrome/Chromium is available in the runtime environment and rerun export.\n\n## closest/interval intersection status appears\nInterpretation:\n- `closest`: no crossing on current grid\n- `interval`: overlap over a range\nIn both cases, read KPIs with caution and inspect curve shape/QC.","# FAQ / Troubleshooting\n\n## Purchase Intention ist unerwartet niedrig\nBitte in dieser Reihenfolge prüfen:\n- PI-Einheiten (`pi_bargain_pct`, `pi_expensive_pct`) werden korrekt interpretiert: Prozent `0..100`, 0..1-Skala oder codierte Skala `1..11`\n- keine gemischten PI-Einheiten in den beiden PI-Spalten\n- erwartete PUKI-Schwelle ist ausgewählt\n- Plausibilitäts-/Ausreißerfilter sind bewusst gesetzt\n\n## Achse ist gestreckt und Kurven wirken komprimiert\nHäufige Ursachen:\n- Ausreißer in den Schwellen-Spalten\n- breite Segmentmischung\n- kein manuelles Grid für die fokussierte Ansicht gesetzt\n\nVerwenden:\n- Ausreißerfilter und/oder\n- manuelles min/max/step-Override.\n\n## Turnover Index wirkt plausibel, PI aber nicht\nDas kann passieren, weil Turnover auf max=100 normiert wird.\nBitte PI-Einheiten und PI-Quellmodus prüfen (Preisleiter vs. modellierte NMS-Kurve).\n\n## PPTX-Export schlägt fehl\nDie Ursache ist typischerweise eine fehlende Browser-Runtime für das PNG-Rendering.\nSicherstellen, dass Chrome/Chromium in der Laufzeitumgebung verfügbar ist, und den Export erneut starten.\n\n## closest/interval-Schnittpunktstatus erscheint\nInterpretation:\n- `closest`: keine Kreuzung auf dem aktuellen Grid\n- `interval`: Überlappung über einen Bereich\nIn beiden Fällen KPIs mit Vorsicht lesen und Kurvenform/QC mitprüfen.",Knowledge tab markdown content,,Existing Knowledge translation improved; long markdown condensed with \n escapes; DE optimized for MR/Product/Management audience,reviewed
pptx.context.line,src/psm_tool/report/pptx_builder.py,pptx,label,{lens} | {product_id} / {segment} ({currency}),{lens} | {product_id} / {segment} ({currency}),Context line below PPTX slide headline,{lens}; {product_id}; {segment}; {currency},Dynamic context line; lens may stay English per current output,reviewed
pptx.chart_footer.selection,src/psm_tool/ui/pages/2_results.py,results,annotation,Selection:,Auswahl:,Plot footer annotation beneath live charts,,Visible footer annotation on charts; DE optimized for MR/Product/Management audience,reviewed
pptx.chart_footer.price,src/psm_tool/ui/pages/2_results.py,results,annotation,Price:,Preis:,Plot footer annotation beneath live charts,,Visible footer annotation on charts; DE optimized for MR/Product/Management audience,reviewed
pptx.chart_footer.n,src/psm_tool/ui/pages/2_results.py,results,annotation,n:,n:,Plot footer annotation beneath live charts,,Short statistical label; likely unchanged; DE optimized for MR/Product/Management audience,reviewed
pptx.title.fallback.perception,src/psm_tool/report/pptx_builder.py,pptx,title,Perception: Model suggests pricing guidance.,Preiswahrnehmung: Das Modell liefert eine Preisorientierung.,Fallback PPTX headline for PSM slide,,May require short wording for PPTX; DE optimized for MR/Product/Management audience,reviewed
pptx.title.fallback.turnover,src/psm_tool/report/pptx_builder.py,pptx,title,Economics proxy: Model suggests turnover guidance.,Economics Proxy: Das Modell liefert eine Turnover-Orientierung.,Fallback PPTX headline for turnover slide,,May require shorter wording for PPTX; DE optimized for MR/Product/Management audience,reviewed
pptx.title.fallback.nms,src/psm_tool/report/pptx_builder.py,pptx,title,Modeled demand: Model suggests trial/revenue context.,Modellierte Nachfrage: Trial und Revenue einordnen.,Fallback PPTX headline for NMS slide,,May require shorter wording for PPTX; DE optimized for MR/Product/Management audience,reviewed
pptx.title.fallback.profit,src/psm_tool/report/pptx_builder.py,pptx,title,Economics proxy: Model suggests profit guidance.,Economics Proxy: Das Modell liefert eine Profit-Orientierung.,Fallback PPTX headline for profit slide,,May require shorter wording for PPTX; DE optimized for MR/Product/Management audience,reviewed
pptx.kpi.line.pmi,src/psm_tool/report/pptx_builder.py,pptx,report_sentence,PMI: {value},PMI: {value},Bullet-like side KPI line on PSM slide,{value},Dynamic side text,reviewed
pptx.kpi.line.opp,src/psm_tool/report/pptx_builder.py,pptx,report_sentence,OPP: {value},OPP: {value},Bullet-like side KPI line on PSM slide,{value},Dynamic side text,reviewed
pptx.kpi.line.idp,src/psm_tool/report/pptx_builder.py,pptx,report_sentence,IDP: {value},IDP: {value},Bullet-like side KPI line on PSM slide,{value},Dynamic side text,reviewed
pptx.kpi.line.pme,src/psm_tool/report/pptx_builder.py,pptx,report_sentence,PME: {value},PME: {value},Bullet-like side KPI line on PSM slide,{value},Dynamic side text,reviewed
pptx.kpi.line.accepted_range,src/psm_tool/report/pptx_builder.py,pptx,report_sentence,Accepted range: {value},Akzeptierter Preisbereich: {value},Side KPI line on PSM slide,{value},Dynamic side text; DE optimized for MR/Product/Management audience,reviewed
pptx.kpi.line.price_stress,src/psm_tool/report/pptx_builder.py,pptx,report_sentence,Price stress (OPP-IDP): {value},Preisstress (OPP-IDP): {value},Side KPI line on PSM slide,{value},Metric label may stay English; check terminology; DE optimized for MR/Product/Management audience,reviewed
pptx.kpi.line.outlier_off,src/psm_tool/report/pptx_builder.py,pptx,report_sentence,Outlier filter: Off,Ausreißerfilter: aus,Side KPI line on PSM slide when no outlier filter is active,,Dynamic branch text; DE optimized for MR/Product/Management audience,reviewed
pptx.kpi.line.outlier_on,src/psm_tool/report/pptx_builder.py,pptx,report_sentence,"Outlier filter: {level} ({q_low:.1%}-{q_high:.1%}), excluded n={excluded}","Ausreißerfilter: {level} ({q_low:.1%}-{q_high:.1%}), ausgeschlossenes n={excluded}",Side KPI line on PSM slide when outlier filter is active,{level}; {q_low:.1%}; {q_high:.1%}; {excluded},Dynamic branch text; DE optimized for MR/Product/Management audience,reviewed
pptx.kpi.line.intersection_quality_caution,src/psm_tool/report/pptx_builder.py,pptx,report_sentence,Intersection quality: interpret with caution.,Schnittpunktqualität: mit Vorsicht interpretieren.,Additional side KPI line on PSM slide when intersections are not all clean,,Dynamic branch text; DE optimized for MR/Product/Management audience,reviewed
pptx.nms.side.max_trial,src/psm_tool/report/pptx_builder.py,pptx,report_sentence,Max Trial: {currency} {price:.2f},Max Trial: {currency} {price:.2f},Side KPI line on NMS PPTX slide,{currency}; {price:.2f},Dynamic side text,reviewed
pptx.nms.side.max_revenue,src/psm_tool/report/pptx_builder.py,pptx,report_sentence,Max Revenue: {currency} {price:.2f},Max Revenue: {currency} {price:.2f},Side KPI line on NMS PPTX slide,{currency}; {price:.2f},Dynamic side text,reviewed
pptx.nms.side.included_n,src/psm_tool/report/pptx_builder.py,pptx,report_sentence,Included N: {included_n},Included N: {included_n},Side KPI line on NMS PPTX slide,{included_n},May keep technical label; DE optimized for MR/Product/Management audience,reviewed
